Workbook

Sheet hp
A1: Start date | B1: 42057
A2: End date | B2: =TODAY() -> 45843
C4: =_xll.BSRCH("fi:bra_sovereign_local_bonds","dir=h","cols=50;rows=1") -> id | D4: ZF160325 Corp | E4: ZP208480 Corp | F4: JV534152 Corp | G4: EF323775 Corp | H4: AQ608474 Corp | I4: BT274981 Corp | J4: EI143600 Corp | K4: BX504643 Corp | L4: EI143592 Corp | M4: AQ692952 Corp | N4: JV523082 Corp | O4: BT275588 Corp | P4: BT275281 Corp | Q4: ED575776 Corp | R4: ZM025339 Corp | S4: ZF159630 Corp | T4: BT275444 Corp | U4: EI143596 Corp | V4: ZJ042848 Corp | W4: AW700943 Corp | X4: YS313564 Corp | Y4: ZF160502 Corp | Z4: AW701271 Corp | AA4: ZF159828 Corp | AB4: ZO783890 Corp | AC4: ZJ042888 Corp | AD4: EK697111 Corp | AE4: YS313117 Corp | AF4: BV758571 Corp | AG4: BQ140961 Corp | AH4: YS311871 Corp | AI4: ZM026356 Corp | AJ4: BZ160604 Corp | AK4: BT274758 Corp | AL4: YN482014 Corp | AM4: ZF159734 Corp | AN4: ZJ042916 Corp | AO4: ZF160659 Corp | AP4: YW120790 Corp | AQ4: ZP208481 Corp | AR4: EC326731 Corp | AS4: YW120566 Corp | AT4: ZF161125 Corp | AU4: YQ902435 Corp | AV4: ZF160883 Corp | AW4: YS314018 Corp | AX4: YN481867 Corp | AY4: ZF161289 Corp | AZ4: YN482390 Corp
C5: {=_xll.BDH(D$4 & " Corp","PX_LAST",$B$1,"","per=m","days=all","fill=0","QtTyp=P")} -> 42062 | D5: 0 | E5: {=_xll.BDH(E$4 & " Corp","px_last",$B$1,"","per=m","days=all","fill=0","dts=h","QtTyp=P")} -> 0 | F5: {=_xll.BDH(F$4 & " Corp","px_last",$B$1,"","per=m","days=all","fill=0","dts=h","QtTyp=P")} -> 0 | G5: {=_xll.BDH(G$4 & " Corp","px_last",$B$1,"","per=m","days=all","fill=0","dts=h","QtTyp=P")} -> 2512.9575 | H5: {=_xll.BDH(H$4 & " Corp","px_last",$B$1,"","per=m","days=all","fill=0","dts=h","QtTyp=P")} -> 0 | I5: {=_xll.BDH(I$4 & " Corp","px_last",$B$1,"","per=m","days=all","fill=0","dts=h","QtTyp=P")} -> 0 | J5: {=_xll.BDH(J$4 & " Corp","px_last",$B$1,"","per=m","days=all","fill=0","dts=h","QtTyp=P")} -> 2486.3807 | K5: {=_xll.BDH(K$4 & " Corp","px_last",$B$1,"","per=m","days=all","fill=0","dts=h","QtTyp=P")} -> 0 | L5: {=_xll.BDH(L$4 & " Corp","px_last",$B$1,"","per=m","days=all","fill=0","dts=h","QtTyp=P")} -> 2488.7189 | ... AZ5: {=_xll.BDH(AZ$4 & " Corp","px_last",$B$1,"","per=m","days=all","fill=0","dts=h","QtTyp=P")} -> 0
C6: 42094 | D6: 0 | E6: 0 | F6: 0 | G6: 2502.854 | H6: 0 | I6: 0 | J6: 2452.7113 | K6: 0 | L6: 2507.6794 | M6: 0 | N6: 0 | O6: 0 | P6: 0 | Q6: 2468.7502 | R6: 0 | S6: 0 | T6: 0 | U6: 2437.7895 | V6: 0 | W6: 0 | X6: 0 | Y6: 0 | Z6: 0 | AA6: 0 | AB6: 0 | AC6: 0 | AD6: 2493.4199 | AE6: 0 | AF6: 0 | AG6: 0 | AH6: 0 | AI6: 0 | AJ6: 0 | AK6: 0 | AL6: 0 | AM6: 0 | AN6: 0 | AO6: 0 | AP6: 0 | AQ6: 0 | AR6: 4786.3124 | AS6: 0 | AT6: 0 | AU6: 0 | AV6: 0 | AW6: 0 | AX6: 0 | AY6: 0 | AZ6: 0
C7: 42124 | D7: 0 | E7: 0 | F7: 0 | G7: 2640.9316 | H7: 0 | I7: 0 | J7: 2591.8374 | K7: 0 | L7: 2633.2302 | M7: 0 | N7: 0 | O7: 0 | P7: 0 | Q7: 2665.362 | R7: 0 | S7: 0 | T7: 0 | U7: 2630.5617 | V7: 0 | W7: 0 | X7: 0 | Y7: 0 | Z7: 0 | AA7: 0 | AB7: 0 | AC7: 0 | AD7: 2635.5343 | AE7: 0 | AF7: 0 | AG7: 0 | AH7: 0 | AI7: 0 | AJ7: 0 | AK7: 0 | AL7: 0 | AM7: 0 | AN7: 0 | AO7: 0 | AP7: 0 | AQ7: 0 | AR7: 5006.302 | AS7: 0 | AT7: 0 | AU7: 0 | AV7: 0 | AW7: 0 | AX7: 0 | AY7: 0 | AZ7: 0
C8: 42153 | D8: 0 | E8: 0 | F8: 0 | G8: 2647.1759 | H8: 0 | I8: 0 | J8: 2719.8627 | K8: 0 | L8: 2474.0762 | M8: 0 | N8: 0 | O8: 0 | P8: 0 | Q8: 2668.5618 | R8: 0 | S8: 0 | T8: 0 | U8: 2699.5264 | V8: 0 | W8: 0 | X8: 0 | Y8: 0 | Z8: 0 | AA8: 0 | AB8: 0 | AC8: 0 | AD8: 2667.2062 | AE8: 0 | AF8: 0 | AG8: 0 | AH8: 0 | AI8: 0 | AJ8: 0 | AK8: 0 | AL8: 0 | AM8: 0 | AN8: 0 | AO8: 0 | AP8: 0 | AQ8: 0 | AR8: 5167.9997 | AS8: 0 | AT8: 0 | AU8: 0 | AV8: 0 | AW8: 0 | AX8: 0 | AY8: 0 | AZ8: 0
C9: 42185 | D9: 0 | E9: 0 | F9: 0 | G9: 2621.5089 | H9: 0 | I9: 0 | J9: 2681.8877 | K9: 0 | L9: 2671.2176 | M9: 0 | N9: 0 | O9: 0 | P9: 0 | Q9: 2620.4901 | R9: 0 | S9: 0 | T9: 0 | U9: 2672.5185 | V9: 0 | W9: 0 | X9: 0 | Y9: 0 | Z9: 0 | AA9: 0 | AB9: 0 | AC9: 0 | AD9: 2634.2859 | AE9: 0 | AF9: 0 | AG9: 0 | AH9: 0 | AI9: 0 | AJ9: 0 | AK9: 0 | AL9: 0 | AM9: 0 | AN9: 0 | AO9: 0 | AP9: 0 | AQ9: 0 | AR9: 4891.9624 | AS9: 0 | AT9: 0 | AU9: 0 | AV9: 0 | AW9: 0 | AX9: 0 | AY9: 0 | AZ9: 0
C10: 42216 | D10: 0 | E10: 0 | F10: 0 | G10: 2544.533 | H10: 0 | I10: 0 | J10: 2572.8945 | K10: 0 | L10: 2612.1446 | M10: 0 | N10: 0 | O10: 0 | P10: 0 | Q10: 2535.723 | R10: 0 | S10: 0 | T10: 0 | U10: 2595.679 | V10: 0 | W10: 0 | X10: 0 | Y10: 0 | Z10: 0 | AA10: 0 | AB10: 0 | AC10: 0 | AD10: 2524.4941 | AE10: 0 | AF10: 0 | AG10: 0 | AH10: 0 | AI10: 0 | AJ10: 0 | AK10: 0 | AL10: 0 | AM10: 0 | AN10: 0 | AO10: 0 | AP10: 0 | AQ10: 0 | AR10: 4885.3376 | AS10: 0 | AT10: 0 | AU10: 0 | AV10: 0 | AW10: 0 | AX10: 0 | AY10: 0 | AZ10: 0
C11: 42247 | D11: 0 | E11: 0 | F11: 0 | G11: 2404.5772 | H11: 0 | I11: 0 | J11: 2330.4614 | K11: 0 | L11: 2413.2617 | M11: 0 | N11: 0 | O11: 0 | P11: 0 | Q11: 2376.3397 | R11: 0 | S11: 0 | T11: 0 | U11: 2363.091 | V11: 0 | W11: 0 | X11: 0 | Y11: 0 | Z11: 0 | AA11: 0 | AB11: 0 | AC11: 0 | AD11: 2359.8796 | AE11: 0 | AF11: 0 | AG11: 0 | AH11: 0 | AI11: 0 | AJ11: 0 | AK11: 0 | AL11: 0 | AM11: 0 | AN11: 0 | AO11: 0 | AP11: 0 | AQ11: 0 | AR11: 4728.9496 | AS11: 0 | AT11: 0 | AU11: 0 | AV11: 0 | AW11: 0 | AX11: 0 | AY11: 0 | AZ11: 0
C12: 42277 | D12: 0 | E12: 0 | F12: 0 | G12: 2374.2467 | H12: 0 | I12: 0 | J12: 2255.9373 | K12: 0 | L12: 2378.4288 | M12: 0 | N12: 0 | O12: 0 | P12: 0 | Q12: 2325.3948 | R12: 0 | S12: 0 | T12: 0 | U12: 2310.1863 | V12: 0 | W12: 0 | X12: 0 | Y12: 0 | Z12: 0 | AA12: 0 | AB12: 0 | AC12: 0 | AD12: 2301.5331 | AE12: 0 | AF12: 0 | AG12: 0 | AH12: 0 | AI12: 0 | AJ12: 0 | AK12: 0 | AL12: 0 | AM12: 0 | AN12: 0 | AO12: 0 | AP12: 0 | AQ12: 0 | AR12: 4608.9729 | AS12: 0 | AT12: 0 | AU12: 0 | AV12: 0 | AW12: 0 | AX12: 0 | AY12: 0 | AZ12: 0
C13: 42307 | D13: 0 | E13: 0 | F13: 0 | G13: 2446.6755 | H13: 0 | I13: 0 | J13: 2352.4639 | K13: 0 | L13: 2459.1187 | M13: 0 | N13: 0 | O13: 0 | P13: 0 | Q13: 2395.4944 | R13: 0 | S13: 0 | T13: 0 | U13: 2377.6303 | V13: 0 | W13: 0 | X13: 0 | Y13: 0 | Z13: 0 | AA13: 0 | AB13: 0 | AC13: 0 | AD13: 2402.6499 | AE13: 0 | AF13: 0 | AG13: 0 | AH13: 0 | AI13: 0 | AJ13: 0 | AK13: 0 | AL13: 0 | AM13: 0 | AN13: 0 | AO13: 0 | AP13: 0 | AQ13: 0 | AR13: 4938.7454 | AS13: 0 | AT13: 0 | AU13: 0 | AV13: 0 | AW13: 0 | AX13: 0 | AY13: 0 | AZ13: 0
C14: 42338 | D14: 0 | E14: 0 | F14: 0 | G14: 2403.9426 | H14: 0 | I14: 0 | J14: 2396.324 | K14: 0 | L14: 2493.1448 | M14: 0 | N14: 0 | O14: 0 | P14: 0 | Q14: 2356.3944 | R14: 0 | S14: 0 | T14: 0 | U14: 2423.944 | V14: 0 | W14: 0 | X14: 0 | Y14: 0 | Z14: 0 | AA14: 0 | AB14: 0 | AC14: 0 | AD14: 2368.2979 | AE14: 0 | AF14: 0 | AG14: 0 | AH14: 0 | AI14: 0 | AJ14: 0 | AK14: 0 | AL14: 0 | AM14: 0 | AN14: 0 | AO14: 0 | AP14: 0 | AQ14: 0 | AR14: 5079.5046 | AS14: 0 | AT14: 0 | AU14: 0 | AV14: 0 | AW14: 0 | AX14: 0 | AY14: 0 | AZ14: 0
C15: 42369 | D15: 0 | E15: 0 | F15: 0 | G15: 2402.6215 | H15: 0 | I15: 0 | J15: 2403.3884 | K15: 0 | L15: 2517.0653 | M15: 0 | N15: 0 | O15: 0 | P15: 0 | Q15: 2336.1305 | R15: 0 | S15: 0 | T15: 0 | U15: 2436.6525 | V15: 0 | W15: 0 | X15: 0 | Y15: 0 | Z15: 0 | AA15: 0 | AB15: 0 | AC15: 0 | AD15: 2348.0986 | AE15: 0 | AF15: 0 | AG15: 0 | AH15: 0 | AI15: 0 | AJ15: 0 | AK15: 0 | AL15: 0 | AM15: 0 | AN15: 0 | AO15: 0 | AP15: 0 | AQ15: 0 | AR15: 5049.626 | AS15: 0 | AT15: 0 | AU15: 0 | AV15: 0 | AW15: 0 | AX15: 0 | AY15: 0 | AZ15: 0
C16: 42398 | D16: 0 | E16: 0 | F16: 708.18429 | G16: 2441.2165 | H16: 0 | I16: 0 | J16: 2415.1301 | K16: 0 | L16: 2576.148 | M16: 0 | N16: 2599.4761 | O16: 0 | P16: 0 | Q16: 2386.3332 | R16: 0 | S16: 0 | T16: 0 | U16: 2451.9915 | V16: 0 | W16: 0 | X16: 0 | Y16: 0 | Z16: 0 | AA16: 0 | AB16: 0 | AC16: 0 | AD16: 2364.912 | AE16: 0 | AF16: 0 | AG16: 0 | AH16: 0 | AI16: 0 | AJ16: 0 | AK16: 0 | AL16: 0 | AM16: 0 | AN16: 0 | AO16: 0 | AP16: 0 | AQ16: 0 | AR16: 4743.282 | AS16: 0 | AT16: 0 | AU16: 0 | AV16: 0 | AW16: 0 | AX16: 0 | AY16: 0 | AZ16: 0
C17: 42429 | D17: 0 | E17: 0 | F17: 722.12804 | G17: 2510.6706 | H17: 0 | I17: 0 | J17: 2378.5989 | K17: 0 | L17: 2559.6345 | M17: 0 | N17: 2647.8551 | O17: 0 | P17: 0 | Q17: 2432.7294 | R17: 0 | S17: 0 | T17: 0 | U17: 2440.6861 | V17: 0 | W17: 0 | X17: 0 | Y17: 0 | Z17: 0 | AA17: 0 | AB17: 0 | AC17: 0 | AD17: 2414.397 | AE17: 0 | AF17: 0 | AG17: 0 | AH17: 0 | AI17: 0 | AJ17: 0 | AK17: 0 | AL17: 0 | AM17: 0 | AN17: 0 | AO17: 0 | AP17: 0 | AQ17: 0 | AR17: 4892.6509 | AS17: 0 | AT17: 0 | AU17: 0 | AV17: 0 | AW17: 0 | AX17: 0 | AY17: 0 | AZ17: 0
... C129: 45838 | D129: 823.96576 | E129: 877.2492 | F129: 949.06447 | G129: 4204.3746 | H129: 917.48919 | I129: 849.50702 | J129: 4140.5824 | K129: 931.11694 | L129: 4354.7397 | M129: 4397.2165 | N129: 4445.9618 | O129: 4082.4073 | P129: 4296.5917 | Q129: 4087.3868 | R129: 872.10037 | S129: 900.78271 | T129: 4355.4588 | U129: 4211.9591 | V129: 964.52418 | W129: 16844.06 | X129: 797.64526 | Y129: 4334.4962 | Z129: 16844.127 | AA129: 573.95294 | AB129: 16834.644 | AC129: 775.58525 | AD129: 4050.1833 | AE129: 650.09645 | AF129: 16804.981 | AG129: 16827.687 | AH129: 443.3891 | AI129: 4227.698 | AJ129: 16784.077 | AK129: 16821.067 | AL129: 0 | AM129: 732.54692 | AN129: 16766.424 | AO129: 16749.815 | AP129: 691.80857 | AQ129: 16843.807 | AR129: 7774.5625 | AS129: 844.42685 | AT129: 16742.05 | AU129: 16744.273 | AV129: 16744.644 | AW129: 16745.065 | AX129: 0 | AY129: 16747.17 | AZ129: 0

Sheet ya
A1: Start date | B1: 42057
A2: End date | B2: =TODAY() -> 45843
C4: =_xll.BSRCH("fi:bra_sovereign_local_bonds","dir=h","cols=50;rows=1") -> id | D4: ZF160325 Corp | E4: ZP208480 Corp | F4: JV534152 Corp | G4: EF323775 Corp | H4: AQ608474 Corp | I4: BT274981 Corp | J4: EI143600 Corp | K4: BX504643 Corp | L4: EI143592 Corp | M4: AQ692952 Corp | N4: JV523082 Corp | O4: BT275588 Corp | P4: BT275281 Corp | Q4: ED575776 Corp | R4: ZM025339 Corp | S4: ZF159630 Corp | T4: BT275444 Corp | U4: EI143596 Corp | V4: ZJ042848 Corp | W4: AW700943 Corp | X4: YS313564 Corp | Y4: ZF160502 Corp | Z4: AW701271 Corp | AA4: ZF159828 Corp | AB4: ZO783890 Corp | AC4: ZJ042888 Corp | AD4: EK697111 Corp | AE4: YS313117 Corp | AF4: BV758571 Corp | AG4: BQ140961 Corp | AH4: YS311871 Corp | AI4: ZM026356 Corp | AJ4: BZ160604 Corp | AK4: BT274758 Corp | AL4: YN482014 Corp | AM4: ZF159734 Corp | AN4: ZJ042916 Corp | AO4: ZF160659 Corp | AP4: YW120790 Corp | AQ4: ZP208481 Corp | AR4: EC326731 Corp | AS4: YW120566 Corp | AT4: ZF161125 Corp | AU4: YQ902435 Corp | AV4: ZF160883 Corp | AW4: YS314018 Corp | AX4: YN481867 Corp | AY4: ZF161289 Corp | AZ4: YN482390 Corp
C5: {=_xll.BDH(D$4 & " Corp","PX_LAST",$B$1,"","per=m","days=all","fill=0","dts=o")} -> 42062 | D5: {=IF(hp!D5=0,0,_xll.BDP(D$4,"YAS_BOND_YLD", "YAS_BOND_PX",hp!D5, "SETTLE_DT", TEXT(ya!$C5,"YYYYMMDD")))} -> 0 | E5: {=IF(hp!E5=0,0,_xll.BDP(E$4,"YAS_BOND_YLD", "YAS_BOND_PX",hp!E5, "SETTLE_DT", TEXT(ya!$C5,"YYYYMMDD")))} -> 0 | F5: {=IF(hp!F5=0,0,_xll.BDP(F$4,"YAS_BOND_YLD", "YAS_BOND_PX",hp!F5, "SETTLE_DT", TEXT(ya!$C5,"YYYYMMDD")))} -> 0 | G5: {=IF(hp!G5=0,0,_xll.BDP(G$4,"YAS_BOND_YLD", "YAS_BOND_PX",hp!G5, "SETTLE_DT", TEXT(ya!$C5,"YYYYMMDD")))} -> 6.34 | H5: {=IF(hp!H5=0,0,_xll.BDP(H$4,"YAS_BOND_YLD", "YAS_BOND_PX",hp!H5, "SETTLE_DT", TEXT(ya!$C5,"YYYYMMDD")))} -> 0 | I5: {=IF(hp!I5=0,0,_xll.BDP(I$4,"YAS_BOND_YLD", "YAS_BOND_PX",hp!I5, "SETTLE_DT", TEXT(ya!$C5,"YYYYMMDD")))} -> 0 | J5: {=IF(hp!J5=0,0,_xll.BDP(J$4,"YAS_BOND_YLD", "YAS_BOND_PX",hp!J5, "SETTLE_DT", TEXT(ya!$C5,"YYYYMMDD")))} -> 6.244 | K5: {=IF(hp!K5=0,0,_xll.BDP(K$4,"YAS_BOND_YLD", "YAS_BOND_PX",hp!K5, "SETTLE_DT", TEXT(ya!$C5,"YYYYMMDD")))} -> 0 | ... AZ5: {=IF(hp!AZ5=0,0,_xll.BDP(AZ$4,"YAS_BOND_YLD", "YAS_BOND_PX",hp!AZ5, "SETTLE_DT", TEXT(ya!$C5,"YYYYMMDD")))} -> 0
C6: 42094 | D6: {=IF(hp!D6=0,0,_xll.BDP(D$4,"YAS_BOND_YLD", "YAS_BOND_PX",hp!D6, "SETTLE_DT", TEXT(ya!$C6,"YYYYMMDD")))} -> 0 | E6: {=IF(hp!E6=0,0,_xll.BDP(E$4,"YAS_BOND_YLD", "YAS_BOND_PX",hp!E6, "SETTLE_DT", TEXT(ya!$C6,"YYYYMMDD")))} -> 0 | F6: {=IF(hp!F6=0,0,_xll.BDP(F$4,"YAS_BOND_YLD", "YAS_BOND_PX",hp!F6, "SETTLE_DT", TEXT(ya!$C6,"YYYYMMDD")))} -> 0 | G6: {=IF(hp!G6=0,0,_xll.BDP(G$4,"YAS_BOND_YLD", "YAS_BOND_PX",hp!G6, "SETTLE_DT", TEXT(ya!$C6,"YYYYMMDD")))} -> 6.5685 | H6: {=IF(hp!H6=0,0,_xll.BDP(H$4,"YAS_BOND_YLD", "YAS_BOND_PX",hp!H6, "SETTLE_DT", TEXT(ya!$C6,"YYYYMMDD")))} -> 0 | I6: {=IF(hp!I6=0,0,_xll.BDP(I$4,"YAS_BOND_YLD", "YAS_BOND_PX",hp!I6, "SETTLE_DT", TEXT(ya!$C6,"YYYYMMDD")))} -> 0 | J6: {=IF(hp!J6=0,0,_xll.BDP(J$4,"YAS_BOND_YLD", "YAS_BOND_PX",hp!J6, "SETTLE_DT", TEXT(ya!$C6,"YYYYMMDD")))} -> 6.4932 | K6: {=IF(hp!K6=0,0,_xll.BDP(K$4,"YAS_BOND_YLD", "YAS_BOND_PX",hp!K6, "SETTLE_DT", TEXT(ya!$C6,"YYYYMMDD")))} -> 0 | ... AZ6: {=IF(hp!AZ6=0,0,_xll.BDP(AZ$4,"YAS_BOND_YLD", "YAS_BOND_PX",hp!AZ6, "SETTLE_DT", TEXT(ya!$C6,"YYYYMMDD")))} -> 0
C7: 42124 | D7: {=IF(hp!D7=0,0,_xll.BDP(D$4,"YAS_BOND_YLD", "YAS_BOND_PX",hp!D7, "SETTLE_DT", TEXT(ya!$C7,"YYYYMMDD")))} -> 0 | E7: {=IF(hp!E7=0,0,_xll.BDP(E$4,"YAS_BOND_YLD", "YAS_BOND_PX",hp!E7, "SETTLE_DT", TEXT(ya!$C7,"YYYYMMDD")))} -> 0 | F7: {=IF(hp!F7=0,0,_xll.BDP(F$4,"YAS_BOND_YLD", "YAS_BOND_PX",hp!F7, "SETTLE_DT", TEXT(ya!$C7,"YYYYMMDD")))} -> 0 | G7: {=IF(hp!G7=0,0,_xll.BDP(G$4,"YAS_BOND_YLD", "YAS_BOND_PX",hp!G7, "SETTLE_DT", TEXT(ya!$C7,"YYYYMMDD")))} -> 6.2044 | H7: {=IF(hp!H7=0,0,_xll.BDP(H$4,"YAS_BOND_YLD", "YAS_BOND_PX",hp!H7, "SETTLE_DT", TEXT(ya!$C7,"YYYYMMDD")))} -> 0 | I7: {=IF(hp!I7=0,0,_xll.BDP(I$4,"YAS_BOND_YLD", "YAS_BOND_PX",hp!I7, "SETTLE_DT", TEXT(ya!$C7,"YYYYMMDD")))} -> 0 | J7: {=IF(hp!J7=0,0,_xll.BDP(J$4,"YAS_BOND_YLD", "YAS_BOND_PX",hp!J7, "SETTLE_DT", TEXT(ya!$C7,"YYYYMMDD")))} -> 6.1956 | K7: {=IF(hp!K7=0,0,_xll.BDP(K$4,"YAS_BOND_YLD", "YAS_BOND_PX",hp!K7, "SETTLE_DT", TEXT(ya!$C7,"YYYYMMDD")))} -> 0 | ... AZ7: {=IF(hp!AZ7=0,0,_xll.BDP(AZ$4,"YAS_BOND_YLD", "YAS_BOND_PX",hp!AZ7, "SETTLE_DT", TEXT(ya!$C7,"YYYYMMDD")))} -> 0
C8: 42153 | D8: {=IF(hp!D8=0,0,_xll.BDP(D$4,"YAS_BOND_YLD", "YAS_BOND_PX",hp!D8, "SETTLE_DT", TEXT(ya!$C8,"YYYYMMDD")))} -> 0 | E8: {=IF(hp!E8=0,0,_xll.BDP(E$4,"YAS_BOND_YLD", "YAS_BOND_PX",hp!E8, "SETTLE_DT", TEXT(ya!$C8,"YYYYMMDD")))} -> 0 | F8: {=IF(hp!F8=0,0,_xll.BDP(F$4,"YAS_BOND_YLD", "YAS_BOND_PX",hp!F8, "SETTLE_DT", TEXT(ya!$C8,"YYYYMMDD")))} -> 0 | G8: {=IF(hp!G8=0,0,_xll.BDP(G$4,"YAS_BOND_YLD", "YAS_BOND_PX",hp!G8, "SETTLE_DT", TEXT(ya!$C8,"YYYYMMDD")))} -> 6.0154 | H8: {=IF(hp!H8=0,0,_xll.BDP(H$4,"YAS_BOND_YLD", "YAS_BOND_PX",hp!H8, "SETTLE_DT", TEXT(ya!$C8,"YYYYMMDD")))} -> 0 | I8: {=IF(hp!I8=0,0,_xll.BDP(I$4,"YAS_BOND_YLD", "YAS_BOND_PX",hp!I8, "SETTLE_DT", TEXT(ya!$C8,"YYYYMMDD")))} -> 0 | J8: {=IF(hp!J8=0,0,_xll.BDP(J$4,"YAS_BOND_YLD", "YAS_BOND_PX",hp!J8, "SETTLE_DT", TEXT(ya!$C8,"YYYYMMDD")))} -> 5.9289 | K8: {=IF(hp!K8=0,0,_xll.BDP(K$4,"YAS_BOND_YLD", "YAS_BOND_PX",hp!K8, "SETTLE_DT", TEXT(ya!$C8,"YYYYMMDD")))} -> 0 | ... AZ8: {=IF(hp!AZ8=0,0,_xll.BDP(AZ$4,"YAS_BOND_YLD", "YAS_BOND_PX",hp!AZ8, "SETTLE_DT", TEXT(ya!$C8,"YYYYMMDD")))} -> 0
C9: 42185 | D9: {=IF(hp!D9=0,0,_xll.BDP(D$4,"YAS_BOND_YLD", "YAS_BOND_PX",hp!D9, "SETTLE_DT", TEXT(ya!$C9,"YYYYMMDD")))} -> 0 | E9: {=IF(hp!E9=0,0,_xll.BDP(E$4,"YAS_BOND_YLD", "YAS_BOND_PX",hp!E9, "SETTLE_DT", TEXT(ya!$C9,"YYYYMMDD")))} -> 0 | F9: {=IF(hp!F9=0,0,_xll.BDP(F$4,"YAS_BOND_YLD", "YAS_BOND_PX",hp!F9, "SETTLE_DT", TEXT(ya!$C9,"YYYYMMDD")))} -> 0 | G9: {=IF(hp!G9=0,0,_xll.BDP(G$4,"YAS_BOND_YLD", "YAS_BOND_PX",hp!G9, "SETTLE_DT", TEXT(ya!$C9,"YYYYMMDD")))} -> 6.2245 | H9: {=IF(hp!H9=0,0,_xll.BDP(H$4,"YAS_BOND_YLD", "YAS_BOND_PX",hp!H9, "SETTLE_DT", TEXT(ya!$C9,"YYYYMMDD")))} -> 0 | I9: {=IF(hp!I9=0,0,_xll.BDP(I$4,"YAS_BOND_YLD", "YAS_BOND_PX",hp!I9, "SETTLE_DT", TEXT(ya!$C9,"YYYYMMDD")))} -> 0 | J9: {=IF(hp!J9=0,0,_xll.BDP(J$4,"YAS_BOND_YLD", "YAS_BOND_PX",hp!J9, "SETTLE_DT", TEXT(ya!$C9,"YYYYMMDD")))} -> 6.1256 | K9: {=IF(hp!K9=0,0,_xll.BDP(K$4,"YAS_BOND_YLD", "YAS_BOND_PX",hp!K9, "SETTLE_DT", TEXT(ya!$C9,"YYYYMMDD")))} -> 0 | ... AZ9: {=IF(hp!AZ9=0,0,_xll.BDP(AZ$4,"YAS_BOND_YLD", "YAS_BOND_PX",hp!AZ9, "SETTLE_DT", TEXT(ya!$C9,"YYYYMMDD")))} -> 0
C10: 42216 | D10: {=IF(hp!D10=0,0,_xll.BDP(D$4,"YAS_BOND_YLD", "YAS_BOND_PX",hp!D10, "SETTLE_DT", TEXT(ya!$C10,"YYYYMMDD")))} -> 0 | E10: {=IF(hp!E10=0,0,_xll.BDP(E$4,"YAS_BOND_YLD", "YAS_BOND_PX",hp!E10, "SETTLE_DT", TEXT(ya!$C10,"YYYYMMDD")))} -> 0 | F10: {=IF(hp!F10=0,0,_xll.BDP(F$4,"YAS_BOND_YLD", "YAS_BOND_PX",hp!F10, "SETTLE_DT", TEXT(ya!$C10,"YYYYMMDD")))} -> 0 | G10: {=IF(hp!G10=0,0,_xll.BDP(G$4,"YAS_BOND_YLD", "YAS_BOND_PX",hp!G10, "SETTLE_DT", TEXT(ya!$C10,"YYYYMMDD")))} -> 6.6152 | H10: {=IF(hp!H10=0,0,_xll.BDP(H$4,"YAS_BOND_YLD", "YAS_BOND_PX",hp!H10, "SETTLE_DT", TEXT(ya!$C10,"YYYYMMDD")))} -> 0 | I10: {=IF(hp!I10=0,0,_xll.BDP(I$4,"YAS_BOND_YLD", "YAS_BOND_PX",hp!I10, "SETTLE_DT", TEXT(ya!$C10,"YYYYMMDD")))} -> 0 | J10: {=IF(hp!J10=0,0,_xll.BDP(J$4,"YAS_BOND_YLD", "YAS_BOND_PX",hp!J10, "SETTLE_DT", TEXT(ya!$C10,"YYYYMMDD")))} -> 6.5261 | K10: {=IF(hp!K10=0,0,_xll.BDP(K$4,"YAS_BOND_YLD", "YAS_BOND_PX",hp!K10, "SETTLE_DT", TEXT(ya!$C10,"YYYYMMDD")))} -> 0 | ... AZ10: {=IF(hp!AZ10=0,0,_xll.BDP(AZ$4,"YAS_BOND_YLD", "YAS_BOND_PX",hp!AZ10, "SETTLE_DT", TEXT(ya!$C10,"YYYYMMDD")))} -> 0
C11: 42247 | D11: {=IF(hp!D11=0,0,_xll.BDP(D$4,"YAS_BOND_YLD", "YAS_BOND_PX",hp!D11, "SETTLE_DT", TEXT(ya!$C11,"YYYYMMDD")))} -> 0 | E11: {=IF(hp!E11=0,0,_xll.BDP(E$4,"YAS_BOND_YLD", "YAS_BOND_PX",hp!E11, "SETTLE_DT", TEXT(ya!$C11,"YYYYMMDD")))} -> 0 | F11: {=IF(hp!F11=0,0,_xll.BDP(F$4,"YAS_BOND_YLD", "YAS_BOND_PX",hp!F11, "SETTLE_DT", TEXT(ya!$C11,"YYYYMMDD")))} -> 0 | G11: {=IF(hp!G11=0,0,_xll.BDP(G$4,"YAS_BOND_YLD", "YAS_BOND_PX",hp!G11, "SETTLE_DT", TEXT(ya!$C11,"YYYYMMDD")))} -> 7.2461 | H11: {=IF(hp!H11=0,0,_xll.BDP(H$4,"YAS_BOND_YLD", "YAS_BOND_PX",hp!H11, "SETTLE_DT", TEXT(ya!$C11,"YYYYMMDD")))} -> 0 | I11: {=IF(hp!I11=0,0,_xll.BDP(I$4,"YAS_BOND_YLD", "YAS_BOND_PX",hp!I11, "SETTLE_DT", TEXT(ya!$C11,"YYYYMMDD")))} -> 0 | J11: {=IF(hp!J11=0,0,_xll.BDP(J$4,"YAS_BOND_YLD", "YAS_BOND_PX",hp!J11, "SETTLE_DT", TEXT(ya!$C11,"YYYYMMDD")))} -> 7.1119 | K11: {=IF(hp!K11=0,0,_xll.BDP(K$4,"YAS_BOND_YLD", "YAS_BOND_PX",hp!K11, "SETTLE_DT", TEXT(ya!$C11,"YYYYMMDD")))} -> 0 | ... AZ11: {=IF(hp!AZ11=0,0,_xll.BDP(AZ$4,"YAS_BOND_YLD", "YAS_BOND_PX",hp!AZ11, "SETTLE_DT", TEXT(ya!$C11,"YYYYMMDD")))} -> 0
C12: 42277 | D12: {=IF(hp!D12=0,0,_xll.BDP(D$4,"YAS_BOND_YLD", "YAS_BOND_PX",hp!D12, "SETTLE_DT", TEXT(ya!$C12,"YYYYMMDD")))} -> 0 | E12: {=IF(hp!E12=0,0,_xll.BDP(E$4,"YAS_BOND_YLD", "YAS_BOND_PX",hp!E12, "SETTLE_DT", TEXT(ya!$C12,"YYYYMMDD")))} -> 0 | F12: {=IF(hp!F12=0,0,_xll.BDP(F$4,"YAS_BOND_YLD", "YAS_BOND_PX",hp!F12, "SETTLE_DT", TEXT(ya!$C12,"YYYYMMDD")))} -> 0 | G12: {=IF(hp!G12=0,0,_xll.BDP(G$4,"YAS_BOND_YLD", "YAS_BOND_PX",hp!G12, "SETTLE_DT", TEXT(ya!$C12,"YYYYMMDD")))} -> 7.4647 | H12: {=IF(hp!H12=0,0,_xll.BDP(H$4,"YAS_BOND_YLD", "YAS_BOND_PX",hp!H12, "SETTLE_DT", TEXT(ya!$C12,"YYYYMMDD")))} -> 0 | I12: {=IF(hp!I12=0,0,_xll.BDP(I$4,"YAS_BOND_YLD", "YAS_BOND_PX",hp!I12, "SETTLE_DT", TEXT(ya!$C12,"YYYYMMDD")))} -> 0 | J12: {=IF(hp!J12=0,0,_xll.BDP(J$4,"YAS_BOND_YLD", "YAS_BOND_PX",hp!J12, "SETTLE_DT", TEXT(ya!$C12,"YYYYMMDD")))} -> 7.4457 | K12: {=IF(hp!K12=0,0,_xll.BDP(K$4,"YAS_BOND_YLD", "YAS_BOND_PX",hp!K12, "SETTLE_DT", TEXT(ya!$C12,"YYYYMMDD")))} -> 0 | ... AZ12: {=IF(hp!AZ12=0,0,_xll.BDP(AZ$4,"YAS_BOND_YLD", "YAS_BOND_PX",hp!AZ12, "SETTLE_DT", TEXT(ya!$C12,"YYYYMMDD")))} -> 0
C13: 42307 | D13: {=IF(hp!D13=0,0,_xll.BDP(D$4,"YAS_BOND_YLD", "YAS_BOND_PX",hp!D13, "SETTLE_DT", TEXT(ya!$C13,"YYYYMMDD")))} -> 0 | E13: {=IF(hp!E13=0,0,_xll.BDP(E$4,"YAS_BOND_YLD", "YAS_BOND_PX",hp!E13, "SETTLE_DT", TEXT(ya!$C13,"YYYYMMDD")))} -> 0 | F13: {=IF(hp!F13=0,0,_xll.BDP(F$4,"YAS_BOND_YLD", "YAS_BOND_PX",hp!F13, "SETTLE_DT", TEXT(ya!$C13,"YYYYMMDD")))} -> 0 | G13: {=IF(hp!G13=0,0,_xll.BDP(G$4,"YAS_BOND_YLD", "YAS_BOND_PX",hp!G13, "SETTLE_DT", TEXT(ya!$C13,"YYYYMMDD")))} -> 7.2935 | H13: {=IF(hp!H13=0,0,_xll.BDP(H$4,"YAS_BOND_YLD", "YAS_BOND_PX",hp!H13, "SETTLE_DT", TEXT(ya!$C13,"YYYYMMDD")))} -> 0 | I13: {=IF(hp!I13=0,0,_xll.BDP(I$4,"YAS_BOND_YLD", "YAS_BOND_PX",hp!I13, "SETTLE_DT", TEXT(ya!$C13,"YYYYMMDD")))} -> 0 | J13: {=IF(hp!J13=0,0,_xll.BDP(J$4,"YAS_BOND_YLD", "YAS_BOND_PX",hp!J13, "SETTLE_DT", TEXT(ya!$C13,"YYYYMMDD")))} -> 7.2114 | K13: {=IF(hp!K13=0,0,_xll.BDP(K$4,"YAS_BOND_YLD", "YAS_BOND_PX",hp!K13, "SETTLE_DT", TEXT(ya!$C13,"YYYYMMDD")))} -> 0 | ... AZ13: {=IF(hp!AZ13=0,0,_xll.BDP(AZ$4,"YAS_BOND_YLD", "YAS_BOND_PX",hp!AZ13, "SETTLE_DT", TEXT(ya!$C13,"YYYYMMDD")))} -> 0
C14: 42338 | D14: {=IF(hp!D14=0,0,_xll.BDP(D$4,"YAS_BOND_YLD", "YAS_BOND_PX",hp!D14, "SETTLE_DT", TEXT(ya!$C14,"YYYYMMDD")))} -> 0 | E14: {=IF(hp!E14=0,0,_xll.BDP(E$4,"YAS_BOND_YLD", "YAS_BOND_PX",hp!E14, "SETTLE_DT", TEXT(ya!$C14,"YYYYMMDD")))} -> 0 | F14: {=IF(hp!F14=0,0,_xll.BDP(F$4,"YAS_BOND_YLD", "YAS_BOND_PX",hp!F14, "SETTLE_DT", TEXT(ya!$C14,"YYYYMMDD")))} -> 0 | G14: {=IF(hp!G14=0,0,_xll.BDP(G$4,"YAS_BOND_YLD", "YAS_BOND_PX",hp!G14, "SETTLE_DT", TEXT(ya!$C14,"YYYYMMDD")))} -> 7.2765 | H14: {=IF(hp!H14=0,0,_xll.BDP(H$4,"YAS_BOND_YLD", "YAS_BOND_PX",hp!H14, "SETTLE_DT", TEXT(ya!$C14,"YYYYMMDD")))} -> 0 | I14: {=IF(hp!I14=0,0,_xll.BDP(I$4,"YAS_BOND_YLD", "YAS_BOND_PX",hp!I14, "SETTLE_DT", TEXT(ya!$C14,"YYYYMMDD")))} -> 0 | J14: {=IF(hp!J14=0,0,_xll.BDP(J$4,"YAS_BOND_YLD", "YAS_BOND_PX",hp!J14, "SETTLE_DT", TEXT(ya!$C14,"YYYYMMDD")))} -> 7.1744 | K14: {=IF(hp!K14=0,0,_xll.BDP(K$4,"YAS_BOND_YLD", "YAS_BOND_PX",hp!K14, "SETTLE_DT", TEXT(ya!$C14,"YYYYMMDD")))} -> 0 | ... AZ14: {=IF(hp!AZ14=0,0,_xll.BDP(AZ$4,"YAS_BOND_YLD", "YAS_BOND_PX",hp!AZ14, "SETTLE_DT", TEXT(ya!$C14,"YYYYMMDD")))} -> 0
C15: 42369 | D15: {=IF(hp!D15=0,0,_xll.BDP(D$4,"YAS_BOND_YLD", "YAS_BOND_PX",hp!D15, "SETTLE_DT", TEXT(ya!$C15,"YYYYMMDD")))} -> 0 | E15: {=IF(hp!E15=0,0,_xll.BDP(E$4,"YAS_BOND_YLD", "YAS_BOND_PX",hp!E15, "SETTLE_DT", TEXT(ya!$C15,"YYYYMMDD")))} -> 0 | F15: {=IF(hp!F15=0,0,_xll.BDP(F$4,"YAS_BOND_YLD", "YAS_BOND_PX",hp!F15, "SETTLE_DT", TEXT(ya!$C15,"YYYYMMDD")))} -> 0 | G15: {=IF(hp!G15=0,0,_xll.BDP(G$4,"YAS_BOND_YLD", "YAS_BOND_PX",hp!G15, "SETTLE_DT", TEXT(ya!$C15,"YYYYMMDD")))} -> 7.45 | H15: {=IF(hp!H15=0,0,_xll.BDP(H$4,"YAS_BOND_YLD", "YAS_BOND_PX",hp!H15, "SETTLE_DT", TEXT(ya!$C15,"YYYYMMDD")))} -> 0 | I15: {=IF(hp!I15=0,0,_xll.BDP(I$4,"YAS_BOND_YLD", "YAS_BOND_PX",hp!I15, "SETTLE_DT", TEXT(ya!$C15,"YYYYMMDD")))} -> 0 | J15: {=IF(hp!J15=0,0,_xll.BDP(J$4,"YAS_BOND_YLD", "YAS_BOND_PX",hp!J15, "SETTLE_DT", TEXT(ya!$C15,"YYYYMMDD")))} -> 7.2894 | K15: {=IF(hp!K15=0,0,_xll.BDP(K$4,"YAS_BOND_YLD", "YAS_BOND_PX",hp!K15, "SETTLE_DT", TEXT(ya!$C15,"YYYYMMDD")))} -> 0 | ... AZ15: {=IF(hp!AZ15=0,0,_xll.BDP(AZ$4,"YAS_BOND_YLD", "YAS_BOND_PX",hp!AZ15, "SETTLE_DT", TEXT(ya!$C15,"YYYYMMDD")))} -> 0
C16: 42398 | D16: {=IF(hp!D16=0,0,_xll.BDP(D$4,"YAS_BOND_YLD", "YAS_BOND_PX",hp!D16, "SETTLE_DT", TEXT(ya!$C16,"YYYYMMDD")))} -> 0 | E16: {=IF(hp!E16=0,0,_xll.BDP(E$4,"YAS_BOND_YLD", "YAS_BOND_PX",hp!E16, "SETTLE_DT", TEXT(ya!$C16,"YYYYMMDD")))} -> 0 | F16: {=IF(hp!F16=0,0,_xll.BDP(F$4,"YAS_BOND_YLD", "YAS_BOND_PX",hp!F16, "SETTLE_DT", TEXT(ya!$C16,"YYYYMMDD")))} -> 16.228 | G16: {=IF(hp!G16=0,0,_xll.BDP(G$4,"YAS_BOND_YLD", "YAS_BOND_PX",hp!G16, "SETTLE_DT", TEXT(ya!$C16,"YYYYMMDD")))} -> 7.4466 | H16: {=IF(hp!H16=0,0,_xll.BDP(H$4,"YAS_BOND_YLD", "YAS_BOND_PX",hp!H16, "SETTLE_DT", TEXT(ya!$C16,"YYYYMMDD")))} -> 0 | I16: {=IF(hp!I16=0,0,_xll.BDP(I$4,"YAS_BOND_YLD", "YAS_BOND_PX",hp!I16, "SETTLE_DT", TEXT(ya!$C16,"YYYYMMDD")))} -> 0 | J16: {=IF(hp!J16=0,0,_xll.BDP(J$4,"YAS_BOND_YLD", "YAS_BOND_PX",hp!J16, "SETTLE_DT", TEXT(ya!$C16,"YYYYMMDD")))} -> 7.3764 | K16: {=IF(hp!K16=0,0,_xll.BDP(K$4,"YAS_BOND_YLD", "YAS_BOND_PX",hp!K16, "SETTLE_DT", TEXT(ya!$C16,"YYYYMMDD")))} -> 0 | ... AZ16: {=IF(hp!AZ16=0,0,_xll.BDP(AZ$4,"YAS_BOND_YLD", "YAS_BOND_PX",hp!AZ16, "SETTLE_DT", TEXT(ya!$C16,"YYYYMMDD")))} -> 0
C17: 42429 | D17: {=IF(hp!D17=0,0,_xll.BDP(D$4,"YAS_BOND_YLD", "YAS_BOND_PX",hp!D17, "SETTLE_DT", TEXT(ya!$C17,"YYYYMMDD")))} -> 0 | E17: {=IF(hp!E17=0,0,_xll.BDP(E$4,"YAS_BOND_YLD", "YAS_BOND_PX",hp!E17, "SETTLE_DT", TEXT(ya!$C17,"YYYYMMDD")))} -> 0 | F17: {=IF(hp!F17=0,0,_xll.BDP(F$4,"YAS_BOND_YLD", "YAS_BOND_PX",hp!F17, "SETTLE_DT", TEXT(ya!$C17,"YYYYMMDD")))} -> 16.0694 | G17: {=IF(hp!G17=0,0,_xll.BDP(G$4,"YAS_BOND_YLD", "YAS_BOND_PX",hp!G17, "SETTLE_DT", TEXT(ya!$C17,"YYYYMMDD")))} -> 7.3376 | H17: {=IF(hp!H17=0,0,_xll.BDP(H$4,"YAS_BOND_YLD", "YAS_BOND_PX",hp!H17, "SETTLE_DT", TEXT(ya!$C17,"YYYYMMDD")))} -> 0 | I17: {=IF(hp!I17=0,0,_xll.BDP(I$4,"YAS_BOND_YLD", "YAS_BOND_PX",hp!I17, "SETTLE_DT", TEXT(ya!$C17,"YYYYMMDD")))} -> 0 | J17: {=IF(hp!J17=0,0,_xll.BDP(J$4,"YAS_BOND_YLD", "YAS_BOND_PX",hp!J17, "SETTLE_DT", TEXT(ya!$C17,"YYYYMMDD")))} -> 7.356 | K17: {=IF(hp!K17=0,0,_xll.BDP(K$4,"YAS_BOND_YLD", "YAS_BOND_PX",hp!K17, "SETTLE_DT", TEXT(ya!$C17,"YYYYMMDD")))} -> 0 | ... AZ17: {=IF(hp!AZ17=0,0,_xll.BDP(AZ$4,"YAS_BOND_YLD", "YAS_BOND_PX",hp!AZ17, "SETTLE_DT", TEXT(ya!$C17,"YYYYMMDD")))} -> 0
... C129: 45838 | D129: {=IF(hp!D129=0,0,_xll.BDP(D$4,"YAS_BOND_YLD", "YAS_BOND_PX",hp!D129, "SETTLE_DT", TEXT(ya!$C129,"YYYYMMDD")))} -> 14.6949 | E129: {=IF(hp!E129=0,0,_xll.BDP(E$4,"YAS_BOND_YLD", "YAS_BOND_PX",hp!E129, "SETTLE_DT", TEXT(ya!$C129,"YYYYMMDD")))} -> 14.9553 | F129: {=IF(hp!F129=0,0,_xll.BDP(F$4,"YAS_BOND_YLD", "YAS_BOND_PX",hp!F129, "SETTLE_DT", TEXT(ya!$C129,"YYYYMMDD")))} -> 18.2723 | G129: {=IF(hp!G129=0,0,_xll.BDP(G$4,"YAS_BOND_YLD", "YAS_BOND_PX",hp!G129, "SETTLE_DT", TEXT(ya!$C129,"YYYYMMDD")))} -> 7.1774 | H129: {=IF(hp!H129=0,0,_xll.BDP(H$4,"YAS_BOND_YLD", "YAS_BOND_PX",hp!H129, "SETTLE_DT", TEXT(ya!$C129,"YYYYMMDD")))} -> 15.2726 | I129: {=IF(hp!I129=0,0,_xll.BDP(I$4,"YAS_BOND_YLD", "YAS_BOND_PX",hp!I129, "SETTLE_DT", TEXT(ya!$C129,"YYYYMMDD")))} -> 14.7084 | J129: {=IF(hp!J129=0,0,_xll.BDP(J$4,"YAS_BOND_YLD", "YAS_BOND_PX",hp!J129, "SETTLE_DT", TEXT(ya!$C129,"YYYYMMDD")))} -> 6.9554 | K129: {=IF(hp!K129=0,0,_xll.BDP(K$4,"YAS_BOND_YLD", "YAS_BOND_PX",hp!K129, "SETTLE_DT", TEXT(ya!$C129,"YYYYMMDD")))} -> 14.7163 | ... AZ129: {=IF(hp!AZ129=0,0,_xll.BDP(AZ$4,"YAS_BOND_YLD", "YAS_BOND_PX",hp!AZ129, "SETTLE_DT", TEXT(ya!$C129,"YYYYMMDD")))} -> 0

Sheet hp_values_only
A1: id | B1: ZF160325 Corp | C1: ZP208480 Corp | D1: JV534152 Corp | E1: EF323775 Corp | F1: AQ608474 Corp | G1: BT274981 Corp | H1: EI143600 Corp | I1: BX504643 Corp | J1: EI143592 Corp | K1: AQ692952 Corp | L1: JV523082 Corp | M1: BT275588 Corp | N1: BT275281 Corp | O1: ED575776 Corp | P1: ZM025339 Corp | Q1: ZF159630 Corp | R1: BT275444 Corp | S1: EI143596 Corp | T1: ZJ042848 Corp | U1: AW700943 Corp | V1: YS313564 Corp | W1: ZF160502 Corp | X1: AW701271 Corp | Y1: ZF159828 Corp | Z1: ZO783890 Corp | AA1: ZJ042888 Corp | AB1: EK697111 Corp | AC1: YS313117 Corp | AD1: BV758571 Corp | AE1: BQ140961 Corp | AF1: YS311871 Corp | AG1: ZM026356 Corp | AH1: BZ160604 Corp | AI1: BT274758 Corp | AJ1: YN482014 Corp | AK1: ZF159734 Corp | AL1: ZJ042916 Corp | AM1: ZF160659 Corp | AN1: YW120790 Corp | AO1: ZP208481 Corp | AP1: EC326731 Corp | AQ1: YW120566 Corp | AR1: ZF161125 Corp | AS1: YQ902435 Corp | AT1: ZF160883 Corp | AU1: YS314018 Corp | AV1: YN481867 Corp | AW1: ZF161289 Corp | AX1: YN482390 Corp
A2: 42062 | B2: 0 | C2: 0 | D2: 0 | E2: 2512.9575 | F2: 0 | G2: 0 | H2: 2486.3807 | I2: 0 | J2: 2488.7189 | K2: 0 | L2: 0 | M2: 0 | N2: 0 | O2: 2531.577 | P2: 0 | Q2: 0 | R2: 0 | S2: 2500.6813 | T2: 0 | U2: 0 | V2: 0 | W2: 0 | X2: 0 | Y2: 0 | Z2: 0 | AA2: 0 | AB2: 2525.6199 | AC2: 0 | AD2: 0 | AE2: 0 | AF2: 0 | AG2: 0 | AH2: 0 | AI2: 0 | AJ2: 0 | AK2: 0 | AL2: 0 | AM2: 0 | AN2: 0 | AO2: 0 | AP2: 4847.1715 | AQ2: 0 | AR2: 0 | AS2: 0 | AT2: 0 | AU2: 0 | AV2: 0 | AW2: 0 | AX2: 0
A3: 42094 | B3: 0 | C3: 0 | D3: 0 | E3: 2502.854 | F3: 0 | G3: 0 | H3: 2452.7113 | I3: 0 | J3: 2507.6794 | K3: 0 | L3: 0 | M3: 0 | N3: 0 | O3: 2468.7502 | P3: 0 | Q3: 0 | R3: 0 | S3: 2437.7895 | T3: 0 | U3: 0 | V3: 0 | W3: 0 | X3: 0 | Y3: 0 | Z3: 0 | AA3: 0 | AB3: 2493.4199 | AC3: 0 | AD3: 0 | AE3: 0 | AF3: 0 | AG3: 0 | AH3: 0 | AI3: 0 | AJ3: 0 | AK3: 0 | AL3: 0 | AM3: 0 | AN3: 0 | AO3: 0 | AP3: 4786.3124 | AQ3: 0 | AR3: 0 | AS3: 0 | AT3: 0 | AU3: 0 | AV3: 0 | AW3: 0 | AX3: 0
A4: 42124 | B4: 0 | C4: 0 | D4: 0 | E4: 2640.9316 | F4: 0 | G4: 0 | H4: 2591.8374 | I4: 0 | J4: 2633.2302 | K4: 0 | L4: 0 | M4: 0 | N4: 0 | O4: 2665.362 | P4: 0 | Q4: 0 | R4: 0 | S4: 2630.5617 | T4: 0 | U4: 0 | V4: 0 | W4: 0 | X4: 0 | Y4: 0 | Z4: 0 | AA4: 0 | AB4: 2635.5343 | AC4: 0 | AD4: 0 | AE4: 0 | AF4: 0 | AG4: 0 | AH4: 0 | AI4: 0 | AJ4: 0 | AK4: 0 | AL4: 0 | AM4: 0 | AN4: 0 | AO4: 0 | AP4: 5006.302 | AQ4: 0 | AR4: 0 | AS4: 0 | AT4: 0 | AU4: 0 | AV4: 0 | AW4: 0 | AX4: 0
A5: 42153 | B5: 0 | C5: 0 | D5: 0 | E5: 2647.1759 | F5: 0 | G5: 0 | H5: 2719.8627 | I5: 0 | J5: 2474.0762 | K5: 0 | L5: 0 | M5: 0 | N5: 0 | O5: 2668.5618 | P5: 0 | Q5: 0 | R5: 0 | S5: 2699.5264 | T5: 0 | U5: 0 | V5: 0 | W5: 0 | X5: 0 | Y5: 0 | Z5: 0 | AA5: 0 | AB5: 2667.2062 | AC5: 0 | AD5: 0 | AE5: 0 | AF5: 0 | AG5: 0 | AH5: 0 | AI5: 0 | AJ5: 0 | AK5: 0 | AL5: 0 | AM5: 0 | AN5: 0 | AO5: 0 | AP5: 5167.9997 | AQ5: 0 | AR5: 0 | AS5: 0 | AT5: 0 | AU5: 0 | AV5: 0 | AW5: 0 | AX5: 0
A6: 42185 | B6: 0 | C6: 0 | D6: 0 | E6: 2621.5089 | F6: 0 | G6: 0 | H6: 2681.8877 | I6: 0 | J6: 2671.2176 | K6: 0 | L6: 0 | M6: 0 | N6: 0 | O6: 2620.4901 | P6: 0 | Q6: 0 | R6: 0 | S6: 2672.5185 | T6: 0 | U6: 0 | V6: 0 | W6: 0 | X6: 0 | Y6: 0 | Z6: 0 | AA6: 0 | AB6: 2634.2859 | AC6: 0 | AD6: 0 | AE6: 0 | AF6: 0 | AG6: 0 | AH6: 0 | AI6: 0 | AJ6: 0 | AK6: 0 | AL6: 0 | AM6: 0 | AN6: 0 | AO6: 0 | AP6: 4891.9624 | AQ6: 0 | AR6: 0 | AS6: 0 | AT6: 0 | AU6: 0 | AV6: 0 | AW6: 0 | AX6: 0
A7: 42216 | B7: 0 | C7: 0 | D7: 0 | E7: 2544.533 | F7: 0 | G7: 0 | H7: 2572.8945 | I7: 0 | J7: 2612.1446 | K7: 0 | L7: 0 | M7: 0 | N7: 0 | O7: 2535.723 | P7: 0 | Q7: 0 | R7: 0 | S7: 2595.679 | T7: 0 | U7: 0 | V7: 0 | W7: 0 | X7: 0 | Y7: 0 | Z7: 0 | AA7: 0 | AB7: 2524.4941 | AC7: 0 | AD7: 0 | AE7: 0 | AF7: 0 | AG7: 0 | AH7: 0 | AI7: 0 | AJ7: 0 | AK7: 0 | AL7: 0 | AM7: 0 | AN7: 0 | AO7: 0 | AP7: 4885.3376 | AQ7: 0 | AR7: 0 | AS7: 0 | AT7: 0 | AU7: 0 | AV7: 0 | AW7: 0 | AX7: 0
A8: 42247 | B8: 0 | C8: 0 | D8: 0 | E8: 2404.5772 | F8: 0 | G8: 0 | H8: 2330.4614 | I8: 0 | J8: 2413.2617 | K8: 0 | L8: 0 | M8: 0 | N8: 0 | O8: 2376.3397 | P8: 0 | Q8: 0 | R8: 0 | S8: 2363.091 | T8: 0 | U8: 0 | V8: 0 | W8: 0 | X8: 0 | Y8: 0 | Z8: 0 | AA8: 0 | AB8: 2359.8796 | AC8: 0 | AD8: 0 | AE8: 0 | AF8: 0 | AG8: 0 | AH8: 0 | AI8: 0 | AJ8: 0 | AK8: 0 | AL8: 0 | AM8: 0 | AN8: 0 | AO8: 0 | AP8: 4728.9496 | AQ8: 0 | AR8: 0 | AS8: 0 | AT8: 0 | AU8: 0 | AV8: 0 | AW8: 0 | AX8: 0
A9: 42277 | B9: 0 | C9: 0 | D9: 0 | E9: 2374.2467 | F9: 0 | G9: 0 | H9: 2255.9373 | I9: 0 | J9: 2378.4288 | K9: 0 | L9: 0 | M9: 0 | N9: 0 | O9: 2325.3948 | P9: 0 | Q9: 0 | R9: 0 | S9: 2310.1863 | T9: 0 | U9: 0 | V9: 0 | W9: 0 | X9: 0 | Y9: 0 | Z9: 0 | AA9: 0 | AB9: 2301.5331 | AC9: 0 | AD9: 0 | AE9: 0 | AF9: 0 | AG9: 0 | AH9: 0 | AI9: 0 | AJ9: 0 | AK9: 0 | AL9: 0 | AM9: 0 | AN9: 0 | AO9: 0 | AP9: 4608.9729 | AQ9: 0 | AR9: 0 | AS9: 0 | AT9: 0 | AU9: 0 | AV9: 0 | AW9: 0 | AX9: 0
A10: 42307 | B10: 0 | C10: 0 | D10: 0 | E10: 2446.6755 | F10: 0 | G10: 0 | H10: 2352.4639 | I10: 0 | J10: 2459.1187 | K10: 0 | L10: 0 | M10: 0 | N10: 0 | O10: 2395.4944 | P10: 0 | Q10: 0 | R10: 0 | S10: 2377.6303 | T10: 0 | U10: 0 | V10: 0 | W10: 0 | X10: 0 | Y10: 0 | Z10: 0 | AA10: 0 | AB10: 2402.6499 | AC10: 0 | AD10: 0 | AE10: 0 | AF10: 0 | AG10: 0 | AH10: 0 | AI10: 0 | AJ10: 0 | AK10: 0 | AL10: 0 | AM10: 0 | AN10: 0 | AO10: 0 | AP10: 4938.7454 | AQ10: 0 | AR10: 0 | AS10: 0 | AT10: 0 | AU10: 0 | AV10: 0 | AW10: 0 | AX10: 0
A11: 42338 | B11: 0 | C11: 0 | D11: 0 | E11: 2403.9426 | F11: 0 | G11: 0 | H11: 2396.324 | I11: 0 | J11: 2493.1448 | K11: 0 | L11: 0 | M11: 0 | N11: 0 | O11: 2356.3944 | P11: 0 | Q11: 0 | R11: 0 | S11: 2423.944 | T11: 0 | U11: 0 | V11: 0 | W11: 0 | X11: 0 | Y11: 0 | Z11: 0 | AA11: 0 | AB11: 2368.2979 | AC11: 0 | AD11: 0 | AE11: 0 | AF11: 0 | AG11: 0 | AH11: 0 | AI11: 0 | AJ11: 0 | AK11: 0 | AL11: 0 | AM11: 0 | AN11: 0 | AO11: 0 | AP11: 5079.5046 | AQ11: 0 | AR11: 0 | AS11: 0 | AT11: 0 | AU11: 0 | AV11: 0 | AW11: 0 | AX11: 0
A12: 42369 | B12: 0 | C12: 0 | D12: 0 | E12: 2402.6215 | F12: 0 | G12: 0 | H12: 2403.3884 | I12: 0 | J12: 2517.0653 | K12: 0 | L12: 0 | M12: 0 | N12: 0 | O12: 2336.1305 | P12: 0 | Q12: 0 | R12: 0 | S12: 2436.6525 | T12: 0 | U12: 0 | V12: 0 | W12: 0 | X12: 0 | Y12: 0 | Z12: 0 | AA12: 0 | AB12: 2348.0986 | AC12: 0 | AD12: 0 | AE12: 0 | AF12: 0 | AG12: 0 | AH12: 0 | AI12: 0 | AJ12: 0 | AK12: 0 | AL12: 0 | AM12: 0 | AN12: 0 | AO12: 0 | AP12: 5049.626 | AQ12: 0 | AR12: 0 | AS12: 0 | AT12: 0 | AU12: 0 | AV12: 0 | AW12: 0 | AX12: 0
A13: 42398 | B13: 0 | C13: 0 | D13: 708.18429 | E13: 2441.2165 | F13: 0 | G13: 0 | H13: 2415.1301 | I13: 0 | J13: 2576.148 | K13: 0 | L13: 2599.4761 | M13: 0 | N13: 0 | O13: 2386.3332 | P13: 0 | Q13: 0 | R13: 0 | S13: 2451.9915 | T13: 0 | U13: 0 | V13: 0 | W13: 0 | X13: 0 | Y13: 0 | Z13: 0 | AA13: 0 | AB13: 2364.912 | AC13: 0 | AD13: 0 | AE13: 0 | AF13: 0 | AG13: 0 | AH13: 0 | AI13: 0 | AJ13: 0 | AK13: 0 | AL13: 0 | AM13: 0 | AN13: 0 | AO13: 0 | AP13: 4743.282 | AQ13: 0 | AR13: 0 | AS13: 0 | AT13: 0 | AU13: 0 | AV13: 0 | AW13: 0 | AX13: 0
... A126: 45838 | B126: 823.96576 | C126: 877.2492 | D126: 949.06447 | E126: 4204.3746 | F126: 917.48919 | G126: 849.50702 | H126: 4140.5824 | I126: 931.11694 | J126: 4354.7397 | K126: 4397.2165 | L126: 4445.9618 | M126: 4082.4073 | N126: 4296.5917 | O126: 4087.3868 | P126: 872.10037 | Q126: 900.78271 | R126: 4355.4588 | S126: 4211.9591 | T126: 964.52418 | U126: 16844.06 | V126: 797.64526 | W126: 4334.4962 | X126: 16844.127 | Y126: 573.95294 | Z126: 16834.644 | AA126: 775.58525 | AB126: 4050.1833 | AC126: 650.09645 | AD126: 16804.981 | AE126: 16827.687 | AF126: 443.3891 | AG126: 4227.698 | AH126: 16784.077 | AI126: 16821.067 | AJ126: 0 | AK126: 732.54692 | AL126: 16766.424 | AM126: 16749.815 | AN126: 691.80857 | AO126: 16843.807 | AP126: 7774.5625 | AQ126: 844.42685 | AR126: 16742.05 | AS126: 16744.273 | AT126: 16744.644 | AU126: 16745.065 | AV126: 0 | AW126: 16747.17 | AX126: 0

Sheet ya_value_only
A1: id | B1: ZF160325 Corp | C1: ZP208480 Corp | D1: JV534152 Corp | E1: EF323775 Corp | F1: AQ608474 Corp | G1: BT274981 Corp | H1: EI143600 Corp | I1: BX504643 Corp | J1: EI143592 Corp | K1: AQ692952 Corp | L1: JV523082 Corp | M1: BT275588 Corp | N1: BT275281 Corp | O1: ED575776 Corp | P1: ZM025339 Corp | Q1: ZF159630 Corp | R1: BT275444 Corp | S1: EI143596 Corp | T1: ZJ042848 Corp | U1: AW700943 Corp | V1: YS313564 Corp | W1: ZF160502 Corp | X1: AW701271 Corp | Y1: ZF159828 Corp | Z1: ZO783890 Corp | AA1: ZJ042888 Corp | AB1: EK697111 Corp | AC1: YS313117 Corp | AD1: BV758571 Corp | AE1: BQ140961 Corp | AF1: YS311871 Corp | AG1: ZM026356 Corp | AH1: BZ160604 Corp | AI1: BT274758 Corp | AJ1: YN482014 Corp | AK1: ZF159734 Corp | AL1: ZJ042916 Corp | AM1: ZF160659 Corp | AN1: YW120790 Corp | AO1: ZP208481 Corp | AP1: EC326731 Corp | AQ1: YW120566 Corp | AR1: ZF161125 Corp | AS1: YQ902435 Corp | AT1: ZF160883 Corp | AU1: YS314018 Corp | AV1: YN481867 Corp | AW1: ZF161289 Corp | AX1: YN482390 Corp
A2: 42062 | B2: 0 | C2: 0 | D2: 0 | E2: 6.34 | F2: 0 | G2: 0 | H2: 6.244 | I2: 0 | J2: 6.3325 | K2: 0 | L2: 0 | M2: 0 | N2: 0 | O2: 6.2336 | P2: 0 | Q2: 0 | R2: 0 | S2: 6.2232 | T2: 0 | U2: 0 | V2: 0 | W2: 0 | X2: 0 | Y2: 0 | Z2: 0 | AA2: 0 | AB2: 6.2341 | AC2: 0 | AD2: 0 | AE2: 0 | AF2: 0 | AG2: 0 | AH2: 0 | AI2: 0 | AJ2: 0 | AK2: 0 | AL2: 0 | AM2: 0 | AN2: 0 | AO2: 0 | AP2: 6.2153 | AQ2: 0 | AR2: 0 | AS2: 0 | AT2: 0 | AU2: 0 | AV2: 0 | AW2: 0 | AX2: 0
A3: 42094 | B3: 0 | C3: 0 | D3: 0 | E3: 6.5685 | F3: 0 | G3: 0 | H3: 6.4932 | I3: 0 | J3: 6.4703 | K3: 0 | L3: 0 | M3: 0 | N3: 0 | O3: 6.59 | P3: 0 | Q3: 0 | R3: 0 | S3: 6.6 | T3: 0 | U3: 0 | V3: 0 | W3: 0 | X3: 0 | Y3: 0 | Z3: 0 | AA3: 0 | AB3: 6.4733 | AC3: 0 | AD3: 0 | AE3: 0 | AF3: 0 | AG3: 0 | AH3: 0 | AI3: 0 | AJ3: 0 | AK3: 0 | AL3: 0 | AM3: 0 | AN3: 0 | AO3: 0 | AP3: 6.5439 | AQ3: 0 | AR3: 0 | AS3: 0 | AT3: 0 | AU3: 0 | AV3: 0 | AW3: 0 | AX3: 0
A4: 42124 | B4: 0 | C4: 0 | D4: 0 | E4: 6.2044 | F4: 0 | G4: 0 | H4: 6.1956 | I4: 0 | J4: 6.1056 | K4: 0 | L4: 0 | M4: 0 | N4: 0 | O4: 6.1053 | P4: 0 | Q4: 0 | R4: 0 | S4: 6.0951 | T4: 0 | U4: 0 | V4: 0 | W4: 0 | X4: 0 | Y4: 0 | Z4: 0 | AA4: 0 | AB4: 6.179 | AC4: 0 | AD4: 0 | AE4: 0 | AF4: 0 | AG4: 0 | AH4: 0 | AI4: 0 | AJ4: 0 | AK4: 0 | AL4: 0 | AM4: 0 | AN4: 0 | AO4: 0 | AP4: 6.1998 | AQ4: 0 | AR4: 0 | AS4: 0 | AT4: 0 | AU4: 0 | AV4: 0 | AW4: 0 | AX4: 0
A5: 42153 | B5: 0 | C5: 0 | D5: 0 | E5: 6.0154 | F5: 0 | G5: 0 | H5: 5.9289 | I5: 0 | J5: 6.894 | K5: 0 | L5: 0 | M5: 0 | N5: 0 | O5: 5.9587 | P5: 0 | Q5: 0 | R5: 0 | S5: 5.9739 | T5: 0 | U5: 0 | V5: 0 | W5: 0 | X5: 0 | Y5: 0 | Z5: 0 | AA5: 0 | AB5: 5.969 | AC5: 0 | AD5: 0 | AE5: 0 | AF5: 0 | AG5: 0 | AH5: 0 | AI5: 0 | AJ5: 0 | AK5: 0 | AL5: 0 | AM5: 0 | AN5: 0 | AO5: 0 | AP5: 5.9272 | AQ5: 0 | AR5: 0 | AS5: 0 | AT5: 0 | AU5: 0 | AV5: 0 | AW5: 0 | AX5: 0
A6: 42185 | B6: 0 | C6: 0 | D6: 0 | E6: 6.2245 | F6: 0 | G6: 0 | H6: 6.1256 | I6: 0 | J6: 6.2135 | K6: 0 | L6: 0 | M6: 0 | N6: 0 | O6: 6.1954 | P6: 0 | Q6: 0 | R6: 0 | S6: 6.165 | T6: 0 | U6: 0 | V6: 0 | W6: 0 | X6: 0 | Y6: 0 | Z6: 0 | AA6: 0 | AB6: 6.1458 | AC6: 0 | AD6: 0 | AE6: 0 | AF6: 0 | AG6: 0 | AH6: 0 | AI6: 0 | AJ6: 0 | AK6: 0 | AL6: 0 | AM6: 0 | AN6: 0 | AO6: 0 | AP6: 6.7433 | AQ6: 0 | AR6: 0 | AS6: 0 | AT6: 0 | AU6: 0 | AV6: 0 | AW6: 0 | AX6: 0
A7: 42216 | B7: 0 | C7: 0 | D7: 0 | E7: 6.6152 | F7: 0 | G7: 0 | H7: 6.5261 | I7: 0 | J7: 6.5943 | K7: 0 | L7: 0 | M7: 0 | N7: 0 | O7: 6.5459 | P7: 0 | Q7: 0 | R7: 0 | S7: 6.5131 | T7: 0 | U7: 0 | V7: 0 | W7: 0 | X7: 0 | Y7: 0 | Z7: 0 | AA7: 0 | AB7: 6.5362 | AC7: 0 | AD7: 0 | AE7: 0 | AF7: 0 | AG7: 0 | AH7: 0 | AI7: 0 | AJ7: 0 | AK7: 0 | AL7: 0 | AM7: 0 | AN7: 0 | AO7: 0 | AP7: 6.4492 | AQ7: 0 | AR7: 0 | AS7: 0 | AT7: 0 | AU7: 0 | AV7: 0 | AW7: 0 | AX7: 0
A8: 42247 | B8: 0 | C8: 0 | D8: 0 | E8: 7.2461 | F8: 0 | G8: 0 | H8: 7.1119 | I8: 0 | J8: 7.2256 | K8: 0 | L8: 0 | M8: 0 | N8: 0 | O8: 7.1467 | P8: 0 | Q8: 0 | R8: 0 | S8: 7.1232 | T8: 0 | U8: 0 | V8: 0 | W8: 0 | X8: 0 | Y8: 0 | Z8: 0 | AA8: 0 | AB8: 7.1136 | AC8: 0 | AD8: 0 | AE8: 0 | AF8: 0 | AG8: 0 | AH8: 0 | AI8: 0 | AJ8: 0 | AK8: 0 | AL8: 0 | AM8: 0 | AN8: 0 | AO8: 0 | AP8: 6.9495 | AQ8: 0 | AR8: 0 | AS8: 0 | AT8: 0 | AU8: 0 | AV8: 0 | AW8: 0 | AX8: 0
A9: 42277 | B9: 0 | C9: 0 | D9: 0 | E9: 7.4647 | F9: 0 | G9: 0 | H9: 7.4457 | I9: 0 | J9: 7.494 | K9: 0 | L9: 0 | M9: 0 | N9: 0 | O9: 7.4088 | P9: 0 | Q9: 0 | R9: 0 | S9: 7.4033 | T9: 0 | U9: 0 | V9: 0 | W9: 0 | X9: 0 | Y9: 0 | Z9: 0 | AA9: 0 | AB9: 7.3857 | AC9: 0 | AD9: 0 | AE9: 0 | AF9: 0 | AG9: 0 | AH9: 0 | AI9: 0 | AJ9: 0 | AK9: 0 | AL9: 0 | AM9: 0 | AN9: 0 | AO9: 0 | AP9: 7.461 | AQ9: 0 | AR9: 0 | AS9: 0 | AT9: 0 | AU9: 0 | AV9: 0 | AW9: 0 | AX9: 0
A10: 42307 | B10: 0 | C10: 0 | D10: 0 | E10: 7.2935 | F10: 0 | G10: 0 | H10: 7.2114 | I10: 0 | J10: 7.2627 | K10: 0 | L10: 0 | M10: 0 | N10: 0 | O10: 7.2645 | P10: 0 | Q10: 0 | R10: 0 | S10: 7.2618 | T10: 0 | U10: 0 | V10: 0 | W10: 0 | X10: 0 | Y10: 0 | Z10: 0 | AA10: 0 | AB10: 7.1449 | AC10: 0 | AD10: 0 | AE10: 0 | AF10: 0 | AG10: 0 | AH10: 0 | AI10: 0 | AJ10: 0 | AK10: 0 | AL10: 0 | AM10: 0 | AN10: 0 | AO10: 0 | AP10: 6.888 | AQ10: 0 | AR10: 0 | AS10: 0 | AT10: 0 | AU10: 0 | AV10: 0 | AW10: 0 | AX10: 0
A11: 42338 | B11: 0 | C11: 0 | D11: 0 | E11: 7.2765 | F11: 0 | G11: 0 | H11: 7.1744 | I11: 0 | J11: 7.2642 | K11: 0 | L11: 0 | M11: 0 | N11: 0 | O11: 7.2342 | P11: 0 | Q11: 0 | R11: 0 | S11: 7.214 | T11: 0 | U11: 0 | V11: 0 | W11: 0 | X11: 0 | Y11: 0 | Z11: 0 | AA11: 0 | AB11: 7.1013 | AC11: 0 | AD11: 0 | AE11: 0 | AF11: 0 | AG11: 0 | AH11: 0 | AI11: 0 | AJ11: 0 | AK11: 0 | AL11: 0 | AM11: 0 | AN11: 0 | AO11: 0 | AP11: 6.7915 | AQ11: 0 | AR11: 0 | AS11: 0 | AT11: 0 | AU11: 0 | AV11: 0 | AW11: 0 | AX11: 0
A12: 42369 | B12: 0 | C12: 0 | D12: 0 | E12: 7.45 | F12: 0 | G12: 0 | H12: 7.2894 | I12: 0 | J12: 7.3525 | K12: 0 | L12: 0 | M12: 0 | N12: 0 | O12: 7.45 | P12: 0 | Q12: 0 | R12: 0 | S12: 7.3209 | T12: 0 | U12: 0 | V12: 0 | W12: 0 | X12: 0 | Y12: 0 | Z12: 0 | AA12: 0 | AB12: 7.3 | AC12: 0 | AD12: 0 | AE12: 0 | AF12: 0 | AG12: 0 | AH12: 0 | AI12: 0 | AJ12: 0 | AK12: 0 | AL12: 0 | AM12: 0 | AN12: 0 | AO12: 0 | AP12: 7.0118 | AQ12: 0 | AR12: 0 | AS12: 0 | AT12: 0 | AU12: 0 | AV12: 0 | AW12: 0 | AX12: 0
A13: 42398 | B13: 0 | C13: 0 | D13: 16.228 | E13: 7.4466 | F13: 0 | G13: 0 | H13: 7.3764 | I13: 0 | J13: 7.2639 | K13: 0 | L13: 7.4245 | M13: 0 | N13: 0 | O13: 7.4021 | P13: 0 | Q13: 0 | R13: 0 | S13: 7.4042 | T13: 0 | U13: 0 | V13: 0 | W13: 0 | X13: 0 | Y13: 0 | Z13: 0 | AA13: 0 | AB13: 7.3657 | AC13: 0 | AD13: 0 | AE13: 0 | AF13: 0 | AG13: 0 | AH13: 0 | AI13: 0 | AJ13: 0 | AK13: 0 | AL13: 0 | AM13: 0 | AN13: 0 | AO13: 0 | AP13: 7.5115 | AQ13: 0 | AR13: 0 | AS13: 0 | AT13: 0 | AU13: 0 | AV13: 0 | AW13: 0 | AX13: 0
... A126: 45838 | B126: 14.6949 | C126: 14.9553 | D126: 18.2723 | E126: 7.1774 | F126: 15.2726 | G126: 14.7084 | H126: 6.9554 | I126: 14.7163 | J126: 7.4902 | K126: 7.895 | L126: 9.7811 | M126: 6.9641 | N126: 7.3829 | O126: 7.0316 | P126: 14.6036 | Q126: 14.6994 | R126: 8.7143 | S126: 7.0392 | T126: 14.5516 | U126: -0.2929 | V126: 13.8246 | W126: 7.567 | X126: -0.0782 | Y126: 13.2056 | Z126: 0.0021 | AA126: 13.5781 | AB126: 6.9446 | AC126: 13.1402 | AD126: 0.0567 | AE126: 0.0206 | AF126: 13.381 | AG126: 7.2919 | AH126: 0.0834 | AI126: 0.0316 | AJ126: 0 | AK126: 13.2348 | AL126: 0.0985 | AM126: 0.1096 | AN126: 13.0859 | AO126: -0.0431 | AP126: 8.5277 | AQ126: 14.3394 | AR126: 0.108 | AS126: 0.0921 | AT126: 0.1104 | AU126: 0.0953 | AV126: 0 | AW126: 0.0973 | AX126: 0
