Workbook
Name per: DATA!#REF!
Name per: #REF!
Name Relative: PERIODS!$C$4:$C$45

Sheet IPCA
S2: CENTRAL BANK - FOCUS MARKET READOUT
S4: ="Annual IPCA " -> Annual IPCA | V4: ="Monthly IPCA " -> Monthly IPCA
B5: Date | C5: =TODAY() -> 45829 | F5: SELECT CURVES | M5: SELECT DATA TYPE | S5: =YEAR(TODAY()) -> 2025 | T5: =IF(ISERROR(_xll.BDP("FCBRPA Index","px last")/100),"-",_xll.BDP("FCBRPA Index","px last")/100) -> 0.0525 | V5: =YEAR($C$5) -> 2025 | W5: =IF(ISERROR(_xll.BDP("FCBRMA Index","px last")/100),"-",_xll.BDP("FCBRMA Index","px last")/100) -> 0.0027
G6: Click on the tickers to select your curve. | S6: 12M | T6: =IF(ISERROR(_xll.BDP("FCBRPC12 Index","px last")/100),"-",_xll.BDP("FCBRPC12 Index","px last")/100) -> 0.0472 | V6: =V5+1 -> 2026 | W6: =T6/12 -> 0.0039333333
B7: Latest update | C7: =DATA!$U$6 -> 45828 | F7: A | G7: YCSW0089 Index | H7: =VLOOKUP(G7,DATA!T9:X10,2,0) -> BM&F Pre x DI Curve | M7: TENOR | O7: End of Month | S7: 24M | T7: =IF(ISERROR(_xll.BDP("FCBRPC13 Index","px last")/100),"-",_xll.BDP("FCBRPC13 Index","px last")/100) -> 0.0373 | V7: =V6+1 -> 2027 | W7: =T7/12 -> 0.0031083333
M8: Select the type of frequency.
B9: IPCA Index | C9: =CALC!F5 -> 7295.46 | F9: B | G9: WLA Index | H9: =VLOOKUP(G9,DATA!T16:X18,2,0) -> ID x IPCA Spread Futures | M9: RATE* | O9: Annualized
M10: *Applies only to the table view.
B11: ANBIMA Index | C11: =CALC!G5 -> 7295.46 | S11: INFLATION PRICE INDICES
S13: IPCA | V13: IGP-M
S14: IPCA YoY | T14: =IF(ISERROR(_xll.BDP("BZPIIPCY Index","px last")/100),"-",_xll.BDP("BZPIIPCY Index","px last")/100) -> 0.0532 | V14: IGP-M YoY | W14: =IF(ISERROR(_xll.BDP("IBREGPMY Index","px last")/100),"-",_xll.BDP("IBREGPMY Index","px last")/100) -> 0.0702
S15: IPCA MoM | T15: =IF(ISERROR(_xll.BDP("BZPIIPCM Index","px last")/100),"-",_xll.BDP("BZPIIPCM Index","px last")/100) -> 0.0026 | V15: IGP-M MoM | W15: =IF(ISERROR(_xll.BDP("IBREGPMM Index","px last")/100),"-",_xll.BDP("IBREGPMM Index","px last")/100) -> -0.0049
S17: IGP-DI | V17: INPC
S18: IGP-DI MoM | T18: =IF(ISERROR(_xll.BDP("IBREGPDM Index","px last")/100),"-",_xll.BDP("IBREGPDM Index","px last")/100) -> -0.0085 | V18: INPC MoM | W18: =IF(ISERROR(_xll.BDP("BZPIINPM Index","px last")/100),"-",_xll.BDP("BZPIINPM Index","px last")/100) -> 0.0035
S19: IGP-DI YoY | T19: =IF(ISERROR(_xll.BDP("IBREGPDY Index","px last")/100),"-",_xll.BDP("IBREGPDY Index","px last")/100) -> 0.0627 | V19: INPC YoY | W19: =IF(ISERROR(_xll.BDP("BZPIINPY Index","px last")/100),"-",_xll.BDP("BZPIINPY Index","px last")/100) -> 0.052
S21: IPC | V21: IPC / FIPE
S22: IPC MoM | T22: =IF(ISERROR(_xll.BDP("IBREPCDM Index","px last")/100),"-",_xll.BDP("IBREPCDM Index","px last")/100) -> 0.0034 | V22: IPC/FIPE MoM | W22: =IF(ISERROR(_xll.BDP("BZCPI Index","px last")/100),"-",_xll.BDP("BZCPI Index","px last")/100) -> 0.0027
S23: IPC YoY | T23: =IF(ISERROR(_xll.BDP("IBREPCMY Index","px last")/100),"-",_xll.BDP("IBREPCMY Index","px last")/100) -> 0.0457 | V23: IPC/FIPE YoY | W23: =IF(ISERROR(_xll.BDP("BZW CPI Index","px last")/100),"-",_xll.BDP("BZW CPI Index","px last")/100) -> 0.0008
S25: IMPLIED INFLATION CURVE ANALYSIS
S27: =CALC!C7 -> Tenor | T27: Curve A | V27: Curve B | W27: Imp. Inflation
S28: =CALC!C8 -> 2025-07-30 | T28: =DATA!I7 -> 14.905143 | V28: =DATA!R7 -> 12.421827 | W28: =_xlfn.IFS($O$9=DATA!$T$34,CALC!H8,IPCA!$O$9=DATA!$T$33,CALC!E8/100) -> 0.022089267
S29: =CALC!C9 -> 2025-08-29 | T29: =DATA!I8 -> 14.933 | V29: =DATA!R8 -> 11.758117 | W29: =_xlfn.IFS($O$9=DATA!$T$34,CALC!H9,IPCA!$O$9=DATA!$T$33,CALC!E9/100) -> 0.028408526
S30: =CALC!C10 -> 2025-09-30 | T30: =DATA!I9 -> 14.947 | V30: =DATA!R9 -> 10.6457 | W30: =_xlfn.IFS($O$9=DATA!$T$34,CALC!H10,IPCA!$O$9=DATA!$T$33,CALC!E10/100) -> 0.038874531
S31: =CALC!C11 -> 2025-10-30 | T31: =DATA!I10 -> 14.954852 | V31: =DATA!R10 -> 10.64822 | W31: =_xlfn.IFS($O$9=DATA!$T$34,CALC!H11,IPCA!$O$9=DATA!$T$33,CALC!E11/100) -> 0.038921838
S32: =CALC!C12 -> 2025-11-28 | T32: =DATA!I11 -> 14.955 | V32: =DATA!R11 -> 10.463594 | W32: =_xlfn.IFS($O$9=DATA!$T$34,CALC!H12,IPCA!$O$9=DATA!$T$33,CALC!E12/100) -> 0.0406596
S33: =CALC!C13 -> 2025-12-30 | T33: =DATA!I12 -> 14.958 | V33: =DATA!R12 -> 10.369619 | W33: =_xlfn.IFS($O$9=DATA!$T$34,CALC!H13,IPCA!$O$9=DATA!$T$33,CALC!E13/100) -> 0.041572862
S34: =CALC!C14 -> 2026-01-30 | T34: =DATA!I13 -> 14.96 | V34: =DATA!R13 -> 10.22527 | W34: =_xlfn.IFS($O$9=DATA!$T$34,CALC!H14,IPCA!$O$9=DATA!$T$33,CALC!E14/100) -> 0.042955033
S35: =CALC!C15 -> 2026-02-27 | T35: =DATA!I14 -> 14.955 | V35: =DATA!R14 -> 10.137143 | W35: =_xlfn.IFS($O$9=DATA!$T$34,CALC!H15,IPCA!$O$9=DATA!$T$33,CALC!E15/100) -> 0.04374416
S36: =CALC!C16 -> 2026-03-30 | T36: =DATA!I15 -> 14.926749 | V36: =DATA!R15 -> 10.063334 | W36: =_xlfn.IFS($O$9=DATA!$T$34,CALC!H16,IPCA!$O$9=DATA!$T$33,CALC!E16/100) -> 0.044187421
S37: =CALC!C17 -> 2026-04-30 | T37: =DATA!I16 -> 14.885 | V37: =DATA!R16 -> 10.011454 | W37: =_xlfn.IFS($O$9=DATA!$T$34,CALC!H17,IPCA!$O$9=DATA!$T$33,CALC!E17/100) -> 0.044300347
S38: =CALC!C18 -> 2026-05-29 | T38: =DATA!I17 -> 14.833 | V38: =DATA!R17 -> 9.973491 | W38: =_xlfn.IFS($O$9=DATA!$T$34,CALC!H18,IPCA!$O$9=DATA!$T$33,CALC!E18/100) -> 0.044188003
S39: =CALC!C19 -> 2026-06-30 | T39: =DATA!I18 -> 14.773 | V39: =DATA!R18 -> 9.9362588 | W39: =_xlfn.IFS($O$9=DATA!$T$34,CALC!H19,IPCA!$O$9=DATA!$T$33,CALC!E19/100) -> 0.043995869
... S47: =CALC!C27 -> 2027-02-26 | T47: =DATA!I26 -> 14.149373 | V47: =DATA!R26 -> 9.1314192 | W47: =_xlfn.IFS($O$9=DATA!$T$34,CALC!H27,IPCA!$O$9=DATA!$T$33,CALC!E27/100) -> 0.045980838
B48: =CURVES!H1 -> ANBIMA | S48: =CALC!C28 -> 2027-03-30 | T48: =DATA!I27 -> 14.082272 | V48: =DATA!R27 -> 8.9822195 | W48: =_xlfn.IFS($O$9=DATA!$T$34,CALC!H28,IPCA!$O$9=DATA!$T$33,CALC!E28/100) -> 0.04679711
S49: =CALC!C29 -> 2027-04-30 | T49: =DATA!I28 -> 14.008389 | V49: =DATA!R28 -> 8.8331308 | W49: =_xlfn.IFS($O$9=DATA!$T$34,CALC!H29,IPCA!$O$9=DATA!$T$33,CALC!E29/100) -> 0.047552227
B50: =CURVES!H2 -> BD | C50: =CURVES!I2 -> ETTJ Pre | D50: =CURVES!K2 -> ETTJ IPCA | E50: =CURVES!M2 -> Imp Inflation | S50: =CALC!C30 -> 2027-05-28 | T50: =DATA!I29 -> 13.944271 | V50: =DATA!R29 -> 8.7164542 | W50: =_xlfn.IFS($O$9=DATA!$T$34,CALC!H30,IPCA!$O$9=DATA!$T$33,CALC!E30/100) -> 0.048086713
B51: =CURVES!H3 -> 126 | C51: =CURVES!J3 -> 15.0421 | D51: =CURVES!L3 -> 11.5598 | E51: =CURVES!M3 -> 3.1214649 | S51: =CALC!C31 -> 2027-06-30 | T51: =DATA!I30 -> 13.872 | V51: =DATA!R30 -> 8.5934877 | W51: =_xlfn.IFS($O$9=DATA!$T$34,CALC!H31,IPCA!$O$9=DATA!$T$33,CALC!E31/100) -> 0.048608
B52: =CURVES!H4 -> 252 | C52: =CURVES!J4 -> 14.7379 | D52: =CURVES!L4 -> 10.231 | E52: =CURVES!M4 -> 4.0885958 | S52: =CALC!C32 -> 2027-07-30 | T52: =DATA!I31 -> 13.812354 | V52: =DATA!R31 -> 8.4931214 | W52: =_xlfn.IFS($O$9=DATA!$T$34,CALC!H32,IPCA!$O$9=DATA!$T$33,CALC!E32/100) -> 0.049028292
B53: =CURVES!H5 -> 504 | C53: =CURVES!J5 -> 13.8657 | D53: =CURVES!L5 -> 8.5642 | E53: =CURVES!M5 -> 4.8832857 | S53: =CALC!C33 -> 2027-08-30 | T53: =DATA!I32 -> 13.761009 | V53: =DATA!R32 -> 8.4114867 | W53: =_xlfn.IFS($O$9=DATA!$T$34,CALC!H33,IPCA!$O$9=DATA!$T$33,CALC!E33/100) -> 0.049344607
B54: =CURVES!H6 -> 756 | C54: =CURVES!J6 -> 13.5352 | D54: =CURVES!L6 -> 7.9858 | E54: =CURVES!M6 -> 5.139009 | S54: =CALC!C34 -> 2027-09-30 | T54: =DATA!I33 -> 13.708 | V54: =DATA!R33 -> 8.3391908 | W54: =_xlfn.IFS($O$9=DATA!$T$34,CALC!H34,IPCA!$O$9=DATA!$T$33,CALC!E34/100) -> 0.049555559
B55: =CURVES!H7 -> 1008 | C55: =CURVES!J7 -> 13.5271 | D55: =CURVES!L7 -> 7.7038 | E55: =CURVES!M7 -> 5.406773 | S55: =CALC!C35 -> 2027-10-29 | T55: =DATA!I34 -> 13.657486 | V55: =DATA!R34 -> 8.2838191 | W55: =_xlfn.IFS($O$9=DATA!$T$34,CALC!H35,IPCA!$O$9=DATA!$T$33,CALC!E35/100) -> 0.04962576
B56: =CURVES!H8 -> 1260 | C56: =CURVES!J8 -> 13.6253 | D56: =CURVES!L8 -> 7.536 | E56: =CURVES!M8 -> 5.6625688 | S56: =CALC!C36 -> 2027-11-30 | T56: =DATA!I35 -> 13.60748 | V56: =DATA!R35 -> 8.2370012 | W56: =_xlfn.IFS($O$9=DATA!$T$34,CALC!H36,IPCA!$O$9=DATA!$T$33,CALC!E36/100) -> 0.049617769
B57: =CURVES!H9 -> 2520 | C57: =CURVES!J9 -> #N/A | D57: =CURVES!L9 -> 7.1758 | E57: =CURVES!M9 -> #N/A | S57: =CALC!C37 -> 2027-12-30 | T57: =DATA!I36 -> 13.558 | V57: =DATA!R36 -> 8.1938738 | W57: =_xlfn.IFS($O$9=DATA!$T$34,CALC!H37,IPCA!$O$9=DATA!$T$33,CALC!E37/100) -> 0.049578834
B58: {ANBI <GO>} | S58: =CALC!C38 -> 2028-01-28 | T58: =DATA!I37 -> 13.519971 | V58: =DATA!R37 -> 8.1593919 | W58: =_xlfn.IFS($O$9=DATA!$T$34,CALC!H38,IPCA!$O$9=DATA!$T$33,CALC!E38/100) -> 0.049561846
B59: =CURVES!R1 -> SWAP PRE-DI x INFLATION SWAP | S59: =CALC!C39 -> 2028-02-25 | T59: =DATA!I38 -> 13.491499 | V59: =DATA!R38 -> 8.1312634 | W59: =_xlfn.IFS($O$9=DATA!$T$34,CALC!H39,IPCA!$O$9=DATA!$T$33,CALC!E39/100) -> 0.04957156
S60: =CALC!C40 -> 2028-03-30 | T60: =DATA!I39 -> 13.466978 | V60: =DATA!R39 -> 8.1040993 | W60: =_xlfn.IFS($O$9=DATA!$T$34,CALC!H40,IPCA!$O$9=DATA!$T$33,CALC!E40/100) -> 0.049608469
B61: =CURVES!R2 -> BD | C61: =CURVES!S2 -> PRE-DI | D61: =CURVES!U2 -> Zero Coupon | E61: =CURVES!W2 -> Imp Inflation | S61: =CALC!C41 -> 2028-04-28 | T61: =DATA!I40 -> 13.450209 | V61: =DATA!R40 -> 8.0825735 | W61: =_xlfn.IFS($O$9=DATA!$T$34,CALC!H41,IPCA!$O$9=DATA!$T$33,CALC!E41/100) -> 0.049662357
B62: =CURVES!R3 -> 21 | C62: =CURVES!T3 -> 14.9054 | D62: =CURVES!V3 -> - | E62: =CURVES!W3 -> - | S62: =CALC!C42 -> 2028-05-30 | T62: =DATA!I41 -> 13.436453 | V62: =DATA!R41 -> 8.0594973 | W62: =_xlfn.IFS($O$9=DATA!$T$34,CALC!H42,IPCA!$O$9=DATA!$T$33,CALC!E42/100) -> 0.049759213
B63: =CURVES!R5 -> 84 | C63: =CURVES!T5 -> 14.9514 | D63: =CURVES!V5 -> - | E63: =CURVES!W5 -> - | G63: FORWARD TO FORWARD (Up to 5Y) | N63: INTERPOLATE | S63: =CALC!C43 -> 2028-06-30 | T63: =DATA!I42 -> 13.428 | V63: =DATA!R42 -> 8.0345845 | W63: =_xlfn.IFS($O$9=DATA!$T$34,CALC!H43,IPCA!$O$9=DATA!$T$33,CALC!E43/100) -> 0.049923045
B64: =CURVES!R6 -> 105 | C64: =CURVES!T6 -> 14.955 | D64: =CURVES!V6 -> - | E64: =CURVES!W6 -> - | S64: =CALC!C44 -> 2028-07-28 | T64: =DATA!I43 -> 13.425551 | V64: =DATA!R43 -> 8.0098892 | W64: =_xlfn.IFS($O$9=DATA!$T$34,CALC!H44,IPCA!$O$9=DATA!$T$33,CALC!E44/100) -> 0.050140426
B65: =CURVES!R7 -> 168 | C65: =CURVES!T7 -> 14.9571 | D65: =CURVES!V7 -> - | E65: =CURVES!W7 -> - | G65: Term | H65: 1 Y | I65: 2 Y | J65: 3 Y | K65: 4 Y | L65: 5 Y | N65: BD | O65: =T27 -> Curve A | P65: =V27 -> Curve B | Q65: IMPLIED | S65: =CALC!C45 -> 2028-08-30 | T65: =DATA!I44 -> 13.425724 | V65: =DATA!R44 -> 7.9774636 | W65: =_xlfn.IFS($O$9=DATA!$T$34,CALC!H45,IPCA!$O$9=DATA!$T$33,CALC!E45/100) -> 0.050457385
B66: =CURVES!R9 -> 210 | C66: =CURVES!T9 -> 14.9001 | D66: =CURVES!V9 -> - | E66: =CURVES!W9 -> - | G66: 1 Y | I66: =(CALC!F55/CALC!F54)-1 -> 0.052954337 | J66: =(CALC!F56/CALC!F54)-1 -> 0.10831765 | K66: =(CALC!F57/CALC!F54)-1 -> 0.18017471 | L66: =(CALC!F58/CALC!F54)-1 -> 0.25150416 | N66: 110 | O66: =IFERROR(_xll.BInterpol(DATA!$G$7:$G$48, DATA!$D$7:$D$48, N66, "Cubic","Skip=True")*1,"") -> 14.955021 | P66: =IFERROR(_xll.BInterpol(DATA!$P$7:$P$48, DATA!$M$7:$M$48, N66, "Cubic","Skip=True")*1,_xll.BInterpol(FUT!$F$7:$F$28, FUT!$E$7:$E$28, N66, "Cubic","Skip=True")) -> 10.48162 | Q66: =(((1+O66%)/(1+P66%))-1)*100 -> 4.0490007 | S66: =CALC!C46 -> 2028-09-29 | T66: =DATA!I45 -> 13.425 | V66: =DATA!R45 -> 7.9439071 | W66: =_xlfn.IFS($O$9=DATA!$T$34,CALC!H46,IPCA!$O$9=DATA!$T$33,CALC!E46/100) -> 0.050777233
B67: =CURVES!R11 -> 252 | C67: =CURVES!T11 -> 14.7919 | D67: =CURVES!V11 -> - | E67: =CURVES!W11 -> - | G67: 2 Y | J67: =(CALC!F56/CALC!F55)-1 -> 0.052579025 | K67: =(CALC!F57/CALC!F55)-1 -> 0.12082231 | L67: =(CALC!F58/CALC!F55)-1 -> 0.18856452 | N67: 200 | O67: =IFERROR(_xll.BInterpol(DATA!$G$7:$G$48, DATA!$D$7:$D$48, N67, "Cubic","Skip=True")*1,"") -> 14.919648 | P67: =IFERROR(_xll.BInterpol(DATA!$P$7:$P$48, DATA!$M$7:$M$48, N67, "Cubic","Skip=True")*1,_xll.BInterpol(FUT!$F$7:$F$28, FUT!$E$7:$E$28, N67, "Cubic","Skip=True")) -> 10.052061 | Q67: =(((1+O67%)/(1+P67%))-1)*100 -> 4.4229865 | S67: =CALC!C47 -> 2028-10-30 | T67: =DATA!I46 -> 13.421114 | V67: =DATA!R46 -> 7.9093271 | W67: =_xlfn.IFS($O$9=DATA!$T$34,CALC!H47,IPCA!$O$9=DATA!$T$33,CALC!E47/100) -> 0.051077944
B68: =CURVES!R12 -> 504 | C68: =CURVES!T12 -> 13.8865 | D68: =CURVES!V12 -> - | E68: =CURVES!W12 -> - | G68: 3 Y | K68: =(CALC!F57/CALC!F56)-1 -> 0.064834359 | L68: =(CALC!F58/CALC!F56)-1 -> 0.12919267 | N68: 230 | O68: =IFERROR(_xll.BInterpol(DATA!$G$7:$G$48, DATA!$D$7:$D$48, N68, "Cubic","Skip=True")*1,"") -> 14.852101 | P68: =IFERROR(_xll.BInterpol(DATA!$P$7:$P$48, DATA!$M$7:$M$48, N68, "Cubic","Skip=True")*1,_xll.BInterpol(FUT!$F$7:$F$28, FUT!$E$7:$E$28, N68, "Cubic","Skip=True")) -> 9.9860521 | Q68: =(((1+O68%)/(1+P68%))-1)*100 -> 4.4242417 | S68: =CALC!C48 -> 2029-06-29 | T68: =DATA!I47 -> 13.433 | V68: =DATA!R47 -> 7.6383036 | W68: =_xlfn.IFS($O$9=DATA!$T$34,CALC!H48,IPCA!$O$9=DATA!$T$33,CALC!E48/100) -> 0.053834891
B69: =CURVES!R13 -> 756 | C69: =CURVES!T13 -> 13.4309 | D69: =CURVES!V13 -> - | E69: =CURVES!W13 -> - | G69: 4 Y | L69: =(CALC!F58/CALC!F57)-1 -> 0.060439738 | N69: 580 | O69: =IFERROR(_xll.BInterpol(DATA!$G$7:$G$48, DATA!$D$7:$D$48, N69, "Cubic","Skip=True")*1,"") -> 13.690521 | P69: =IFERROR(_xll.BInterpol(DATA!$P$7:$P$48, DATA!$M$7:$M$48, N69, "Cubic","Skip=True")*1,_xll.BInterpol(FUT!$F$7:$F$28, FUT!$E$7:$E$28, N69, "Cubic","Skip=True")) -> 8.3187587 | Q69: =(((1+O69%)/(1+P69%))-1)*100 -> 4.9592172 | S69: =CALC!C49 -> 2030-06-28 | T69: =DATA!I48 -> 13.495 | V69: =DATA!R48 -> 7.5442559 | W69: =_xlfn.IFS($O$9=DATA!$T$34,CALC!H49,IPCA!$O$9=DATA!$T$33,CALC!E49/100) -> 0.055332979
B70: =CURVES!R14 -> 1260 | C70: =CURVES!T14 -> 13.4959 | D70: =CURVES!V14 -> - | E70: =CURVES!W14 -> - | G70: *Comparing the difference of the de-annualized cumulative rate at future tenors. | N70: ="Set your period. *Curve Reference "&_xll.BQL.DATE(DATA!U6) -> Set your period. *Curve Reference 2025-06-20 | S70: *interpolated tenors
B71: =CURVES!R19 -> 2520 | C71: =CURVES!T19 -> 13.5872 | D71: =CURVES!V19 -> - | E71: =CURVES!W19 -> -
B72: ="*BRL SW BMF DI FUT x BRL Inflation Swap Zero Coupon" -> *BRL SW BMF DI FUT x BRL Inflation Swap Zero Coupon

Sheet Comparison
B7: CUSTOMIZED DATES: | L7: CURVES
B9: Date 1 | C9: 45268 | E9: IPCA Index | F9: =CALC!$N$5 -> #N/A Requesting Data... | H9: ANBIMA Index | I9: =CALC!$O$5 -> 6716.74 | L9: A | M9: =IPCA!H7 -> BM&F Pre x DI Curve
B11: Date 2 | C11: 45085 | E11: IPCA Index | F11: =CALC!$V$5 -> 6665.28 | H11: ANBIMA Index | I11: =CALC!$W$5 -> 6649.99 | L11: B | M11: =IPCA!H9 -> ID x IPCA Spread Futures
B12: *Set your custom dates
U14: IMPLIED INFLATION CURVE ANALYSIS
U16: ="A Curve as of date: "&_xll.BQL.DATE(DATA!$U$4) -> A Curve as of date: 2023-12-08 | Z16: ="B Curve as of date: "&_xll.BQL.DATE(DATA!$U$5) -> B Curve as of date: 2023-06-07
U18: =CALC!L7 -> Tenor | V18: Curve A | W18: Curve B | X18: Implied | Z18: =CALC!U7 -> Tenor | AA18: Curve A | AB18: Curve B | AC18: Implied
U19: =CALC!L8 -> 2024-01-31 | V19: =DATA!I66 -> 11.699 | W19: =DATA!R66 -> 6.7550594 | X19: =_xlfn.IFS(IPCA!$O$9=DATA!$T$34,CALC!Q8,IPCA!$O$9=DATA!$T$33,CALC!N8/100) -> 0.046311066 | Z19: =CALC!U8 -> 2023-07-28 | AA19: =DATA!I126 -> 13.635495 | AB19: =DATA!R126 -> 12.28583 | AC19: =_xlfn.IFS(IPCA!$O$9=DATA!$T$34,CALC!Z8,IPCA!$O$9=DATA!$T$33,CALC!W8/100) -> 0.012019898
U20: =CALC!L9 -> 2024-02-29 | V20: =DATA!I67 -> 11.504 | W20: =DATA!R67 -> 6.257616 | X20: =_xlfn.IFS(IPCA!$O$9=DATA!$T$34,CALC!Q9,IPCA!$O$9=DATA!$T$33,CALC!N9/100) -> 0.049374192 | Z20: =CALC!U9 -> 2023-08-30 | AA20: =DATA!I127 -> 13.568859 | AB20: =DATA!R127 -> 9.1070385 | AC20: =_xlfn.IFS(IPCA!$O$9=DATA!$T$34,CALC!Z9,IPCA!$O$9=DATA!$T$33,CALC!W9/100) -> 0.040893974
U21: =CALC!L10 -> 2024-03-28 | V21: =DATA!I68 -> 11.374 | W21: =DATA!R68 -> 6.2195967 | X21: =_xlfn.IFS(IPCA!$O$9=DATA!$T$34,CALC!Q10,IPCA!$O$9=DATA!$T$33,CALC!N10/100) -> 0.048525916 | Z21: =CALC!U10 -> 2023-09-29 | AA21: =DATA!I128 -> 13.484 | AB21: =DATA!R128 -> 7.7554755 | AC21: =_xlfn.IFS(IPCA!$O$9=DATA!$T$34,CALC!Z10,IPCA!$O$9=DATA!$T$33,CALC!W10/100) -> 0.053162259
U22: =CALC!L11 -> 2024-04-30 | V22: =DATA!I69 -> 11.199 | W22: =DATA!R69 -> 6.4582085 | X22: =_xlfn.IFS(IPCA!$O$9=DATA!$T$34,CALC!Q11,IPCA!$O$9=DATA!$T$33,CALC!N11/100) -> 0.044531949 | Z22: =CALC!U11 -> 2023-10-30 | AA22: =DATA!I129 -> 13.390864 | AB22: =DATA!R129 -> 7.5827876 | AC22: =_xlfn.IFS(IPCA!$O$9=DATA!$T$34,CALC!Z11,IPCA!$O$9=DATA!$T$33,CALC!W11/100) -> 0.053987039
U23: =CALC!L12 -> 2024-05-31 | V23: =DATA!I70 -> 11.045 | W23: =DATA!R70 -> 6.5053035 | X23: =_xlfn.IFS(IPCA!$O$9=DATA!$T$34,CALC!Q12,IPCA!$O$9=DATA!$T$33,CALC!N12/100) -> 0.042624135 | Z23: =CALC!U12 -> 2023-11-30 | AA23: =DATA!I130 -> 13.242 | AB23: =DATA!R130 -> 8.1077529 | AC23: =_xlfn.IFS(IPCA!$O$9=DATA!$T$34,CALC!Z12,IPCA!$O$9=DATA!$T$33,CALC!W12/100) -> 0.047491942
U24: =CALC!L13 -> 2024-06-28 | V24: =DATA!I71 -> 10.91 | W24: =DATA!R71 -> 6.6082678 | X24: =_xlfn.IFS(IPCA!$O$9=DATA!$T$34,CALC!Q13,IPCA!$O$9=DATA!$T$33,CALC!N13/100) -> 0.040350831 | Z24: =CALC!U13 -> 2023-12-29 | AA24: =DATA!I131 -> 13.088494 | AB24: =DATA!R131 -> 8.8456414 | AC24: =_xlfn.IFS(IPCA!$O$9=DATA!$T$34,CALC!Z13,IPCA!$O$9=DATA!$T$33,CALC!W13/100) -> 0.038980453
U25: =CALC!L14 -> 2024-07-31 | V25: =DATA!I72 -> 10.769 | W25: =DATA!R72 -> 6.7093396 | X25: =_xlfn.IFS(IPCA!$O$9=DATA!$T$34,CALC!Q14,IPCA!$O$9=DATA!$T$33,CALC!N14/100) -> 0.038044096 | Z25: =CALC!U14 -> 2024-01-30 | AA25: =DATA!I132 -> 12.931685 | AB25: =DATA!R132 -> 9.423746 | AC25: =_xlfn.IFS(IPCA!$O$9=DATA!$T$34,CALC!Z14,IPCA!$O$9=DATA!$T$33,CALC!W14/100) -> 0.032058301
U26: =CALC!L15 -> 2024-08-30 | V26: =DATA!I73 -> 10.665 | W26: =DATA!R73 -> 6.6917199 | X26: =_xlfn.IFS(IPCA!$O$9=DATA!$T$34,CALC!Q15,IPCA!$O$9=DATA!$T$33,CALC!N15/100) -> 0.037240754 | Z26: =CALC!U15 -> 2024-02-29 | AA26: =DATA!I133 -> 12.771 | AB26: =DATA!R133 -> 9.6326028 | AC26: =_xlfn.IFS(IPCA!$O$9=DATA!$T$34,CALC!Z15,IPCA!$O$9=DATA!$T$33,CALC!W15/100) -> 0.028626496
U27: =CALC!L16 -> 2024-09-30 | V27: =DATA!I74 -> 10.574 | W27: =DATA!R74 -> 6.5528459 | X27: =_xlfn.IFS(IPCA!$O$9=DATA!$T$34,CALC!Q16,IPCA!$O$9=DATA!$T$33,CALC!N16/100) -> 0.03773859 | Z27: =CALC!U16 -> 2024-03-28 | AA27: =DATA!I134 -> 12.602 | AB27: =DATA!R134 -> 9.5700988 | AC27: =_xlfn.IFS(IPCA!$O$9=DATA!$T$34,CALC!Z16,IPCA!$O$9=DATA!$T$33,CALC!W16/100) -> 0.027670881
U28: =CALC!L17 -> 2024-10-31 | V28: =DATA!I75 -> 10.487 | W28: =DATA!R75 -> 6.3199466 | X28: =_xlfn.IFS(IPCA!$O$9=DATA!$T$34,CALC!Q17,IPCA!$O$9=DATA!$T$33,CALC!N17/100) -> 0.039193525 | Z28: =CALC!U17 -> 2024-04-30 | AA28: =DATA!I135 -> 12.416 | AB28: =DATA!R135 -> 9.2687679 | AC28: =_xlfn.IFS(IPCA!$O$9=DATA!$T$34,CALC!Z17,IPCA!$O$9=DATA!$T$33,CALC!W17/100) -> 0.028802668
U29: =CALC!L18 -> 2024-11-29 | V29: =DATA!I76 -> 10.42 | W29: =DATA!R76 -> 6.1079534 | X29: =_xlfn.IFS(IPCA!$O$9=DATA!$T$34,CALC!Q18,IPCA!$O$9=DATA!$T$33,CALC!N18/100) -> 0.040638297 | Z29: =CALC!U18 -> 2024-05-29 | AA29: =DATA!I136 -> 12.243511 | AB29: =DATA!R136 -> 8.8568929 | AC29: =_xlfn.IFS(IPCA!$O$9=DATA!$T$34,CALC!Z18,IPCA!$O$9=DATA!$T$33,CALC!W18/100) -> 0.031110738
U30: =CALC!L19 -> 2024-12-31 | V30: =DATA!I77 -> 10.356591 | W30: =DATA!R77 -> 5.8994528 | X30: =_xlfn.IFS(IPCA!$O$9=DATA!$T$34,CALC!Q19,IPCA!$O$9=DATA!$T$33,CALC!N19/100) -> 0.042088397 | Z30: =CALC!U19 -> 2024-06-28 | AA30: =DATA!I137 -> 12.070528 | AB30: =DATA!R137 -> 8.3595856 | AC30: =_xlfn.IFS(IPCA!$O$9=DATA!$T$34,CALC!Z19,IPCA!$O$9=DATA!$T$33,CALC!W19/100) -> 0.034246551
... U44: =CALC!L33 -> 2026-02-27 | V44: =DATA!I91 -> 10.013637 | W44: =DATA!R91 -> 5.75 | X44: =_xlfn.IFS(IPCA!$O$9=DATA!$T$34,CALC!Q33,IPCA!$O$9=DATA!$T$33,CALC!N33/100) -> 0.040318084 | Z44: =CALC!U33 -> 2025-08-29 | AA44: =DATA!I151 -> 10.789581 | AB44: =DATA!R151 -> 6.79 | AC44: =_xlfn.IFS(IPCA!$O$9=DATA!$T$34,CALC!Z33,IPCA!$O$9=DATA!$T$33,CALC!W33/100) -> 0.037452771
B45: ="*annualized rate spread: (Date 1: "&_xll.BQL.DATE(DATA!U4)&" - Date 2: "&_xll.BQL.DATE(DATA!U5)&")" -> *annualized rate spread: (Date 1: 2023-12-08 - Date 2: 2023-06-07) | U45: =CALC!L34 -> 2026-03-31 | V45: =DATA!I92 -> 10.026 | W45: =DATA!R92 -> 5.75 | X45: =_xlfn.IFS(IPCA!$O$9=DATA!$T$34,CALC!Q34,IPCA!$O$9=DATA!$T$33,CALC!N34/100) -> 0.040434988 | Z45: =CALC!U34 -> 2025-09-30 | AA45: =DATA!I152 -> 10.75 | AB45: =DATA!R152 -> 6.79 | AC45: =_xlfn.IFS(IPCA!$O$9=DATA!$T$34,CALC!Z34,IPCA!$O$9=DATA!$T$33,CALC!W34/100) -> 0.037082124
U46: =CALC!L35 -> 2026-04-30 | V46: =DATA!I93 -> 10.035384 | W46: =DATA!R93 -> 5.75 | X46: =_xlfn.IFS(IPCA!$O$9=DATA!$T$34,CALC!Q35,IPCA!$O$9=DATA!$T$33,CALC!N35/100) -> 0.040523725 | Z46: =CALC!U35 -> 2025-10-30 | AA46: =DATA!I153 -> 10.704909 | AB46: =DATA!R153 -> 6.79 | AC46: =_xlfn.IFS(IPCA!$O$9=DATA!$T$34,CALC!Z35,IPCA!$O$9=DATA!$T$33,CALC!W35/100) -> 0.036659884
U47: =CALC!L36 -> 2026-05-29 | V47: =DATA!I94 -> 10.043948 | W47: =DATA!R94 -> 5.75 | X47: =_xlfn.IFS(IPCA!$O$9=DATA!$T$34,CALC!Q36,IPCA!$O$9=DATA!$T$33,CALC!N36/100) -> 0.04060471 | Z47: =CALC!U36 -> 2025-11-28 | AA47: =DATA!I154 -> 10.665543 | AB47: =DATA!R154 -> 6.79 | AC47: =_xlfn.IFS(IPCA!$O$9=DATA!$T$34,CALC!Z36,IPCA!$O$9=DATA!$T$33,CALC!W36/100) -> 0.036291258
U48: =CALC!L37 -> 2026-06-30 | V48: =DATA!I95 -> 10.055 | W48: =DATA!R95 -> 5.75 | X48: =_xlfn.IFS(IPCA!$O$9=DATA!$T$34,CALC!Q37,IPCA!$O$9=DATA!$T$33,CALC!N37/100) -> 0.04070922 | Z48: =CALC!U37 -> 2025-12-30 | AA48: =DATA!I155 -> 10.635 | AB48: =DATA!R155 -> 6.79 | AC48: =_xlfn.IFS(IPCA!$O$9=DATA!$T$34,CALC!Z37,IPCA!$O$9=DATA!$T$33,CALC!W37/100) -> 0.036005244
U49: =CALC!L38 -> 2026-07-31 | V49: =DATA!I96 -> 10.071435 | W49: =DATA!R96 -> 5.75 | X49: =_xlfn.IFS(IPCA!$O$9=DATA!$T$34,CALC!Q38,IPCA!$O$9=DATA!$T$33,CALC!N38/100) -> 0.040864636 | Z49: =CALC!U38 -> 2026-01-30 | AA49: =DATA!I156 -> 10.621376 | AB49: =DATA!R156 -> 6.79 | AC49: =_xlfn.IFS(IPCA!$O$9=DATA!$T$34,CALC!Z38,IPCA!$O$9=DATA!$T$33,CALC!W38/100) -> 0.03587767
U50: =CALC!L39 -> 2026-08-31 | V50: =DATA!I97 -> 10.086589 | W50: =DATA!R97 -> 5.75 | X50: =_xlfn.IFS(IPCA!$O$9=DATA!$T$34,CALC!Q39,IPCA!$O$9=DATA!$T$33,CALC!N39/100) -> 0.041007929 | Z50: =CALC!U39 -> 2026-02-27 | AA50: =DATA!I157 -> 10.619572 | AB50: =DATA!R157 -> 6.79 | AC50: =_xlfn.IFS(IPCA!$O$9=DATA!$T$34,CALC!Z39,IPCA!$O$9=DATA!$T$33,CALC!W39/100) -> 0.035860777
U51: =CALC!L40 -> 2026-09-30 | V51: =DATA!I98 -> 10.097 | W51: =DATA!R98 -> 5.75 | X51: =_xlfn.IFS(IPCA!$O$9=DATA!$T$34,CALC!Q40,IPCA!$O$9=DATA!$T$33,CALC!N40/100) -> 0.041106383 | Z51: =CALC!U40 -> 2026-03-30 | AA51: =DATA!I158 -> 10.62005 | AB51: =DATA!R158 -> 6.79 | AC51: =_xlfn.IFS(IPCA!$O$9=DATA!$T$34,CALC!Z40,IPCA!$O$9=DATA!$T$33,CALC!W40/100) -> 0.035865246
U52: =CALC!L41 -> 2026-10-30 | V52: =DATA!I99 -> 10.100081 | W52: =DATA!R99 -> 5.75 | X52: =_xlfn.IFS(IPCA!$O$9=DATA!$T$34,CALC!Q41,IPCA!$O$9=DATA!$T$33,CALC!N41/100) -> 0.041135517 | Z52: =CALC!U41 -> 2026-04-30 | AA52: =DATA!I159 -> 10.616865 | AB52: =DATA!R159 -> 6.79 | AC52: =_xlfn.IFS(IPCA!$O$9=DATA!$T$34,CALC!Z41,IPCA!$O$9=DATA!$T$33,CALC!W41/100) -> 0.035835425
U53: =CALC!L42 -> 2026-11-30 | V53: =DATA!I100 -> 10.101485 | W53: =DATA!R100 -> 5.75 | X53: =_xlfn.IFS(IPCA!$O$9=DATA!$T$34,CALC!Q42,IPCA!$O$9=DATA!$T$33,CALC!N42/100) -> 0.041148791 | Z53: =CALC!U42 -> 2026-05-29 | AA53: =DATA!I160 -> 10.612887 | AB53: =DATA!R160 -> 6.79 | AC53: =_xlfn.IFS(IPCA!$O$9=DATA!$T$34,CALC!Z42,IPCA!$O$9=DATA!$T$33,CALC!W42/100) -> 0.035798169
U54: =CALC!L43 -> 2026-12-31 | V54: =DATA!I101 -> 10.109646 | W54: =DATA!R101 -> 5.75 | X54: =_xlfn.IFS(IPCA!$O$9=DATA!$T$34,CALC!Q43,IPCA!$O$9=DATA!$T$33,CALC!N43/100) -> 0.041225964 | Z54: =CALC!U43 -> 2026-06-30 | AA54: =DATA!I161 -> 10.613 | AB54: =DATA!R161 -> 6.79 | AC54: =_xlfn.IFS(IPCA!$O$9=DATA!$T$34,CALC!Z43,IPCA!$O$9=DATA!$T$33,CALC!W43/100) -> 0.035799232
U55: =CALC!L44 -> 2027-01-29 | V55: =DATA!I102 -> 10.128229 | W55: =DATA!R102 -> 5.75 | X55: =_xlfn.IFS(IPCA!$O$9=DATA!$T$34,CALC!Q44,IPCA!$O$9=DATA!$T$33,CALC!N44/100) -> 0.041401691 | Z55: =CALC!U44 -> 2026-07-30 | AA55: =DATA!I162 -> 10.621489 | AB55: =DATA!R162 -> 6.79 | AC55: =_xlfn.IFS(IPCA!$O$9=DATA!$T$34,CALC!Z44,IPCA!$O$9=DATA!$T$33,CALC!W44/100) -> 0.035878726
U56: =CALC!L45 -> 2027-02-26 | V56: =DATA!I103 -> 10.151127 | W56: =DATA!R103 -> 5.75 | X56: =_xlfn.IFS(IPCA!$O$9=DATA!$T$34,CALC!Q45,IPCA!$O$9=DATA!$T$33,CALC!N45/100) -> 0.041618219 | Z56: =CALC!U45 -> 2026-08-28 | AA56: =DATA!I163 -> 10.633078 | AB56: =DATA!R163 -> 6.79 | AC56: =_xlfn.IFS(IPCA!$O$9=DATA!$T$34,CALC!Z45,IPCA!$O$9=DATA!$T$33,CALC!W45/100) -> 0.035987243
U57: =CALC!L46 -> 2027-03-31 | V57: =DATA!I104 -> 10.181 | W57: =DATA!R104 -> 5.75 | X57: =_xlfn.IFS(IPCA!$O$9=DATA!$T$34,CALC!Q46,IPCA!$O$9=DATA!$T$33,CALC!N46/100) -> 0.041900709 | Z57: =CALC!U46 -> 2026-09-30 | AA57: =DATA!I164 -> 10.642 | AB57: =DATA!R164 -> 6.79 | AC57: =_xlfn.IFS(IPCA!$O$9=DATA!$T$34,CALC!Z46,IPCA!$O$9=DATA!$T$33,CALC!W46/100) -> 0.036070793
... U60: =CALC!L49 -> 2028-12-29 | V60: =DATA!I107 -> 10.542588 | W60: =DATA!R107 -> 5.75 | X60: =_xlfn.IFS(IPCA!$O$9=DATA!$T$34,CALC!Q49,IPCA!$O$9=DATA!$T$33,CALC!N49/100) -> 0.045319983 | Z60: =CALC!U49 -> 2028-06-30 | AA60: =DATA!I167 -> 10.869323 | AB60: =DATA!R167 -> 6.79 | AC60: =_xlfn.IFS(IPCA!$O$9=DATA!$T$34,CALC!Z49,IPCA!$O$9=DATA!$T$33,CALC!W49/100) -> 0.038199482
U61: *business days (interpolated tenors) | Z61: *business days (interpolated tenors)

Sheet PERIODS
B1: Curve Date: | C1: =DATA!$U$6 -> 45828 | K1: Curve Date: | L1: =DATA!$U$4 -> 45268 | T1: Curve Date: | U1: =DATA!$U$5 -> 45084
B3: Months | C3: Relative | E3: Settlement | G3: End of Month | K3: Months | L3: Relative | N3: Settlement | P3: End of Month | T3: Months | U3: Relative | W3: Settlement | Y3: End of Month
B4: 1 | C4: 21 | D4: 1M | E4: =IFERROR(_xll.BCOUNTPERIODS($C$1,F4,"CDR=BZ")*1,"") -> 17 | F4: {=_xll.BQL.DATE(_xll.BADDPERIODS(DATE(YEAR($C$1),MONTH($C$1),DAY(15)),"NUMBEROFPERIODS",B4,"PER=M","CDR=BZ","BusDayAdj=-1"))} -> 2025-07-15 | G4: =IFERROR(_xll.BCOUNTPERIODS($C$1,H4,"CDR=BZ")*1,"") -> 28 | H4: {=_xll.BQL.DATE(_xll.BADDPERIODS(EOMONTH($C$1,0),"NUMBEROFPERIODS",B4,"PER=M","CDR=BZ","BusDayAdj=2"))} -> 2025-07-30 | K4: 1 | L4: 21 | M4: 1M | N4: =IFERROR(_xll.BCOUNTPERIODS($L$1,O4,"CDR=BZ")*1,"") -> 24 | O4: {=_xll.BQL.DATE(_xll.BADDPERIODS(DATE(YEAR($L$1),MONTH($L$1),DAY(15)),"NUMBEROFPERIODS",K4,"PER=M","CDR=BZ","BusDayAdj=-1"))} -> 2024-01-15 | P4: =IFERROR(_xll.BCOUNTPERIODS($L$1,Q4,"CDR=BZ")*1,"") -> 36 | Q4: {=_xll.BQL.DATE(_xll.BADDPERIODS(EOMONTH($L$1,0),"NUMBEROFPERIODS",K4,"PER=M","CDR=BZ","BusDayAdj=2"))} -> 2024-01-31 | T4: 1 | U4: 21 | V4: 1M | W4: =IFERROR(_xll.BCOUNTPERIODS($U$1,X4,"CDR=BZ")*1,"") -> 27 | X4: {=_xll.BQL.DATE(_xll.BADDPERIODS(DATE(YEAR($U$1),MONTH($U$1),DAY(15)),"NUMBEROFPERIODS",T4,"PER=M","CDR=BZ","BusDayAdj=-1"))} -> 2023-07-17 | Y4: =IFERROR(_xll.BCOUNTPERIODS($U$1,Z4,"CDR=BZ")*1,"") -> 36 | Z4: {=_xll.BQL.DATE(_xll.BADDPERIODS(EOMONTH($U$1,0),"NUMBEROFPERIODS",T4,"PER=M","CDR=BZ","BusDayAdj=2"))} -> 2023-07-28
B5: 2 | C5: 42 | D5: 2M | E5: =IFERROR(_xll.BCOUNTPERIODS($C$1,F5,"CDR=BZ")*1,"") -> 40 | F5: {=_xll.BQL.DATE(_xll.BADDPERIODS(DATE(YEAR($C$1),MONTH($C$1),DAY(15)),"NUMBEROFPERIODS",B5,"PER=M","CDR=BZ","BusDayAdj=-1"))} -> 2025-08-15 | G5: =IFERROR(_xll.BCOUNTPERIODS($C$1,H5,"CDR=BZ")*1,"") -> 50 | H5: {=_xll.BQL.DATE(_xll.BADDPERIODS(EOMONTH($C$1,0),"NUMBEROFPERIODS",B5,"PER=M","CDR=BZ","BusDayAdj=2"))} -> 2025-08-29 | K5: 2 | L5: 42 | M5: 2M | N5: =IFERROR(_xll.BCOUNTPERIODS($L$1,O5,"CDR=BZ")*1,"") -> 45 | O5: {=_xll.BQL.DATE(_xll.BADDPERIODS(DATE(YEAR($L$1),MONTH($L$1),DAY(15)),"NUMBEROFPERIODS",K5,"PER=M","CDR=BZ","BusDayAdj=-1"))} -> 2024-02-15 | P5: =IFERROR(_xll.BCOUNTPERIODS($L$1,Q5,"CDR=BZ")*1,"") -> 55 | Q5: {=_xll.BQL.DATE(_xll.BADDPERIODS(EOMONTH($L$1,0),"NUMBEROFPERIODS",K5,"PER=M","CDR=BZ","BusDayAdj=2"))} -> 2024-02-29 | T5: 2 | U5: 42 | V5: 2M | W5: =IFERROR(_xll.BCOUNTPERIODS($U$1,X5,"CDR=BZ")*1,"") -> 48 | X5: {=_xll.BQL.DATE(_xll.BADDPERIODS(DATE(YEAR($U$1),MONTH($U$1),DAY(15)),"NUMBEROFPERIODS",T5,"PER=M","CDR=BZ","BusDayAdj=-1"))} -> 2023-08-15 | Y5: =IFERROR(_xll.BCOUNTPERIODS($U$1,Z5,"CDR=BZ")*1,"") -> 59 | Z5: {=_xll.BQL.DATE(_xll.BADDPERIODS(EOMONTH($U$1,0),"NUMBEROFPERIODS",T5,"PER=M","CDR=BZ","BusDayAdj=2"))} -> 2023-08-30
B6: 3 | C6: 63 | D6: 3M | E6: =IFERROR(_xll.BCOUNTPERIODS($C$1,F6,"CDR=BZ")*1,"") -> 61 | F6: {=_xll.BQL.DATE(_xll.BADDPERIODS(DATE(YEAR($C$1),MONTH($C$1),DAY(15)),"NUMBEROFPERIODS",B6,"PER=M","CDR=BZ","BusDayAdj=-1"))} -> 2025-09-15 | G6: =IFERROR(_xll.BCOUNTPERIODS($C$1,H6,"CDR=BZ")*1,"") -> 72 | H6: {=_xll.BQL.DATE(_xll.BADDPERIODS(EOMONTH($C$1,0),"NUMBEROFPERIODS",B6,"PER=M","CDR=BZ","BusDayAdj=2"))} -> 2025-09-30 | K6: 3 | L6: 63 | M6: 3M | N6: =IFERROR(_xll.BCOUNTPERIODS($L$1,O6,"CDR=BZ")*1,"") -> 66 | O6: {=_xll.BQL.DATE(_xll.BADDPERIODS(DATE(YEAR($L$1),MONTH($L$1),DAY(15)),"NUMBEROFPERIODS",K6,"PER=M","CDR=BZ","BusDayAdj=-1"))} -> 2024-03-15 | P6: =IFERROR(_xll.BCOUNTPERIODS($L$1,Q6,"CDR=BZ")*1,"") -> 75 | Q6: {=_xll.BQL.DATE(_xll.BADDPERIODS(EOMONTH($L$1,0),"NUMBEROFPERIODS",K6,"PER=M","CDR=BZ","BusDayAdj=2"))} -> 2024-03-28 | T6: 3 | U6: 63 | V6: 3M | W6: =IFERROR(_xll.BCOUNTPERIODS($U$1,X6,"CDR=BZ")*1,"") -> 70 | X6: {=_xll.BQL.DATE(_xll.BADDPERIODS(DATE(YEAR($U$1),MONTH($U$1),DAY(15)),"NUMBEROFPERIODS",T6,"PER=M","CDR=BZ","BusDayAdj=-1"))} -> 2023-09-15 | Y6: =IFERROR(_xll.BCOUNTPERIODS($U$1,Z6,"CDR=BZ")*1,"") -> 80 | Z6: {=_xll.BQL.DATE(_xll.BADDPERIODS(EOMONTH($U$1,0),"NUMBEROFPERIODS",T6,"PER=M","CDR=BZ","BusDayAdj=2"))} -> 2023-09-29
B7: 4 | C7: 84 | D7: 4M | E7: =IFERROR(_xll.BCOUNTPERIODS($C$1,F7,"CDR=BZ")*1,"") -> 83 | F7: {=_xll.BQL.DATE(_xll.BADDPERIODS(DATE(YEAR($C$1),MONTH($C$1),DAY(15)),"NUMBEROFPERIODS",B7,"PER=M","CDR=BZ","BusDayAdj=-1"))} -> 2025-10-15 | G7: =IFERROR(_xll.BCOUNTPERIODS($C$1,H7,"CDR=BZ")*1,"") -> 94 | H7: {=_xll.BQL.DATE(_xll.BADDPERIODS(EOMONTH($C$1,0),"NUMBEROFPERIODS",B7,"PER=M","CDR=BZ","BusDayAdj=2"))} -> 2025-10-30 | K7: 4 | L7: 84 | M7: 4M | N7: =IFERROR(_xll.BCOUNTPERIODS($L$1,O7,"CDR=BZ")*1,"") -> 86 | O7: {=_xll.BQL.DATE(_xll.BADDPERIODS(DATE(YEAR($L$1),MONTH($L$1),DAY(15)),"NUMBEROFPERIODS",K7,"PER=M","CDR=BZ","BusDayAdj=-1"))} -> 2024-04-15 | P7: =IFERROR(_xll.BCOUNTPERIODS($L$1,Q7,"CDR=BZ")*1,"") -> 97 | Q7: {=_xll.BQL.DATE(_xll.BADDPERIODS(EOMONTH($L$1,0),"NUMBEROFPERIODS",K7,"PER=M","CDR=BZ","BusDayAdj=2"))} -> 2024-04-30 | T7: 4 | U7: 84 | V7: 4M | W7: =IFERROR(_xll.BCOUNTPERIODS($U$1,X7,"CDR=BZ")*1,"") -> 90 | X7: {=_xll.BQL.DATE(_xll.BADDPERIODS(DATE(YEAR($U$1),MONTH($U$1),DAY(15)),"NUMBEROFPERIODS",T7,"PER=M","CDR=BZ","BusDayAdj=-1"))} -> 2023-10-16 | Y7: =IFERROR(_xll.BCOUNTPERIODS($U$1,Z7,"CDR=BZ")*1,"") -> 100 | Z7: {=_xll.BQL.DATE(_xll.BADDPERIODS(EOMONTH($U$1,0),"NUMBEROFPERIODS",T7,"PER=M","CDR=BZ","BusDayAdj=2"))} -> 2023-10-30
B8: 5 | C8: 105 | D8: 5M | E8: =IFERROR(_xll.BCOUNTPERIODS($C$1,F8,"CDR=BZ")*1,"") -> 106 | F8: {=_xll.BQL.DATE(_xll.BADDPERIODS(DATE(YEAR($C$1),MONTH($C$1),DAY(15)),"NUMBEROFPERIODS",B8,"PER=M","CDR=BZ","BusDayAdj=-1"))} -> 2025-11-17 | G8: =IFERROR(_xll.BCOUNTPERIODS($C$1,H8,"CDR=BZ")*1,"") -> 114 | H8: {=_xll.BQL.DATE(_xll.BADDPERIODS(EOMONTH($C$1,0),"NUMBEROFPERIODS",B8,"PER=M","CDR=BZ","BusDayAdj=2"))} -> 2025-11-28 | K8: 5 | L8: 105 | M8: 5M | N8: =IFERROR(_xll.BCOUNTPERIODS($L$1,O8,"CDR=BZ")*1,"") -> 107 | O8: {=_xll.BQL.DATE(_xll.BADDPERIODS(DATE(YEAR($L$1),MONTH($L$1),DAY(15)),"NUMBEROFPERIODS",K8,"PER=M","CDR=BZ","BusDayAdj=-1"))} -> 2024-05-15 | P8: =IFERROR(_xll.BCOUNTPERIODS($L$1,Q8,"CDR=BZ")*1,"") -> 118 | Q8: {=_xll.BQL.DATE(_xll.BADDPERIODS(EOMONTH($L$1,0),"NUMBEROFPERIODS",K8,"PER=M","CDR=BZ","BusDayAdj=2"))} -> 2024-05-31 | T8: 5 | U8: 105 | V8: 5M | W8: =IFERROR(_xll.BCOUNTPERIODS($U$1,X8,"CDR=BZ")*1,"") -> 111 | X8: {=_xll.BQL.DATE(_xll.BADDPERIODS(DATE(YEAR($U$1),MONTH($U$1),DAY(15)),"NUMBEROFPERIODS",T8,"PER=M","CDR=BZ","BusDayAdj=-1"))} -> 2023-11-16 | Y8: =IFERROR(_xll.BCOUNTPERIODS($U$1,Z8,"CDR=BZ")*1,"") -> 121 | Z8: {=_xll.BQL.DATE(_xll.BADDPERIODS(EOMONTH($U$1,0),"NUMBEROFPERIODS",T8,"PER=M","CDR=BZ","BusDayAdj=2"))} -> 2023-11-30
B9: 6 | C9: 126 | D9: 6M | E9: =IFERROR(_xll.BCOUNTPERIODS($C$1,F9,"CDR=BZ")*1,"") -> 125 | F9: {=_xll.BQL.DATE(_xll.BADDPERIODS(DATE(YEAR($C$1),MONTH($C$1),DAY(15)),"NUMBEROFPERIODS",B9,"PER=M","CDR=BZ","BusDayAdj=-1"))} -> 2025-12-15 | G9: =IFERROR(_xll.BCOUNTPERIODS($C$1,H9,"CDR=BZ")*1,"") -> 135 | H9: {=_xll.BQL.DATE(_xll.BADDPERIODS(EOMONTH($C$1,0),"NUMBEROFPERIODS",B9,"PER=M","CDR=BZ","BusDayAdj=2"))} -> 2025-12-30 | K9: 6 | L9: 126 | M9: 6M | N9: =IFERROR(_xll.BCOUNTPERIODS($L$1,O9,"CDR=BZ")*1,"") -> 129 | O9: {=_xll.BQL.DATE(_xll.BADDPERIODS(DATE(YEAR($L$1),MONTH($L$1),DAY(15)),"NUMBEROFPERIODS",K9,"PER=M","CDR=BZ","BusDayAdj=-1"))} -> 2024-06-17 | P9: =IFERROR(_xll.BCOUNTPERIODS($L$1,Q9,"CDR=BZ")*1,"") -> 138 | Q9: {=_xll.BQL.DATE(_xll.BADDPERIODS(EOMONTH($L$1,0),"NUMBEROFPERIODS",K9,"PER=M","CDR=BZ","BusDayAdj=2"))} -> 2024-06-28 | T9: 6 | U9: 126 | V9: 6M | W9: =IFERROR(_xll.BCOUNTPERIODS($U$1,X9,"CDR=BZ")*1,"") -> 132 | X9: {=_xll.BQL.DATE(_xll.BADDPERIODS(DATE(YEAR($U$1),MONTH($U$1),DAY(15)),"NUMBEROFPERIODS",T9,"PER=M","CDR=BZ","BusDayAdj=-1"))} -> 2023-12-15 | Y9: =IFERROR(_xll.BCOUNTPERIODS($U$1,Z9,"CDR=BZ")*1,"") -> 141 | Z9: {=_xll.BQL.DATE(_xll.BADDPERIODS(EOMONTH($U$1,0),"NUMBEROFPERIODS",T9,"PER=M","CDR=BZ","BusDayAdj=2"))} -> 2023-12-29
B10: 7 | C10: 147 | D10: 7M | E10: =IFERROR(_xll.BCOUNTPERIODS($C$1,F10,"CDR=BZ")*1,"") -> 146 | F10: {=_xll.BQL.DATE(_xll.BADDPERIODS(DATE(YEAR($C$1),MONTH($C$1),DAY(15)),"NUMBEROFPERIODS",B10,"PER=M","CDR=BZ","BusDayAdj=-1"))} -> 2026-01-15 | G10: =IFERROR(_xll.BCOUNTPERIODS($C$1,H10,"CDR=BZ")*1,"") -> 157 | H10: {=_xll.BQL.DATE(_xll.BADDPERIODS(EOMONTH($C$1,0),"NUMBEROFPERIODS",B10,"PER=M","CDR=BZ","BusDayAdj=2"))} -> 2026-01-30 | K10: 7 | L10: 147 | M10: 7M | N10: =IFERROR(_xll.BCOUNTPERIODS($L$1,O10,"CDR=BZ")*1,"") -> 149 | O10: {=_xll.BQL.DATE(_xll.BADDPERIODS(DATE(YEAR($L$1),MONTH($L$1),DAY(15)),"NUMBEROFPERIODS",K10,"PER=M","CDR=BZ","BusDayAdj=-1"))} -> 2024-07-15 | P10: =IFERROR(_xll.BCOUNTPERIODS($L$1,Q10,"CDR=BZ")*1,"") -> 161 | Q10: {=_xll.BQL.DATE(_xll.BADDPERIODS(EOMONTH($L$1,0),"NUMBEROFPERIODS",K10,"PER=M","CDR=BZ","BusDayAdj=2"))} -> 2024-07-31 | T10: 7 | U10: 147 | V10: 7M | W10: =IFERROR(_xll.BCOUNTPERIODS($U$1,X10,"CDR=BZ")*1,"") -> 151 | X10: {=_xll.BQL.DATE(_xll.BADDPERIODS(DATE(YEAR($U$1),MONTH($U$1),DAY(15)),"NUMBEROFPERIODS",T10,"PER=M","CDR=BZ","BusDayAdj=-1"))} -> 2024-01-15 | Y10: =IFERROR(_xll.BCOUNTPERIODS($U$1,Z10,"CDR=BZ")*1,"") -> 162 | Z10: {=_xll.BQL.DATE(_xll.BADDPERIODS(EOMONTH($U$1,0),"NUMBEROFPERIODS",T10,"PER=M","CDR=BZ","BusDayAdj=2"))} -> 2024-01-30
B11: 8 | C11: 168 | D11: 8M | E11: =IFERROR(_xll.BCOUNTPERIODS($C$1,F11,"CDR=BZ")*1,"") -> 168 | F11: {=_xll.BQL.DATE(_xll.BADDPERIODS(DATE(YEAR($C$1),MONTH($C$1),DAY(15)),"NUMBEROFPERIODS",B11,"PER=M","CDR=BZ","BusDayAdj=-1"))} -> 2026-02-18 | G11: =IFERROR(_xll.BCOUNTPERIODS($C$1,H11,"CDR=BZ")*1,"") -> 175 | H11: {=_xll.BQL.DATE(_xll.BADDPERIODS(EOMONTH($C$1,0),"NUMBEROFPERIODS",B11,"PER=M","CDR=BZ","BusDayAdj=2"))} -> 2026-02-27 | K11: 8 | L11: 168 | M11: 8M | N11: =IFERROR(_xll.BCOUNTPERIODS($L$1,O11,"CDR=BZ")*1,"") -> 172 | O11: {=_xll.BQL.DATE(_xll.BADDPERIODS(DATE(YEAR($L$1),MONTH($L$1),DAY(15)),"NUMBEROFPERIODS",K11,"PER=M","CDR=BZ","BusDayAdj=-1"))} -> 2024-08-15 | P11: =IFERROR(_xll.BCOUNTPERIODS($L$1,Q11,"CDR=BZ")*1,"") -> 183 | Q11: {=_xll.BQL.DATE(_xll.BADDPERIODS(EOMONTH($L$1,0),"NUMBEROFPERIODS",K11,"PER=M","CDR=BZ","BusDayAdj=2"))} -> 2024-08-30 | T11: 8 | U11: 168 | V11: 8M | W11: =IFERROR(_xll.BCOUNTPERIODS($U$1,X11,"CDR=BZ")*1,"") -> 172 | X11: {=_xll.BQL.DATE(_xll.BADDPERIODS(DATE(YEAR($U$1),MONTH($U$1),DAY(15)),"NUMBEROFPERIODS",T11,"PER=M","CDR=BZ","BusDayAdj=-1"))} -> 2024-02-15 | Y11: =IFERROR(_xll.BCOUNTPERIODS($U$1,Z11,"CDR=BZ")*1,"") -> 182 | Z11: {=_xll.BQL.DATE(_xll.BADDPERIODS(EOMONTH($U$1,0),"NUMBEROFPERIODS",T11,"PER=M","CDR=BZ","BusDayAdj=2"))} -> 2024-02-29
B12: 9 | C12: 189 | D12: 9M | E12: =IFERROR(_xll.BCOUNTPERIODS($C$1,F12,"CDR=BZ")*1,"") -> 186 | F12: {=_xll.BQL.DATE(_xll.BADDPERIODS(DATE(YEAR($C$1),MONTH($C$1),DAY(15)),"NUMBEROFPERIODS",B12,"PER=M","CDR=BZ","BusDayAdj=-1"))} -> 2026-03-16 | G12: =IFERROR(_xll.BCOUNTPERIODS($C$1,H12,"CDR=BZ")*1,"") -> 196 | H12: {=_xll.BQL.DATE(_xll.BADDPERIODS(EOMONTH($C$1,0),"NUMBEROFPERIODS",B12,"PER=M","CDR=BZ","BusDayAdj=2"))} -> 2026-03-30 | K12: 9 | L12: 189 | M12: 9M | N12: =IFERROR(_xll.BCOUNTPERIODS($L$1,O12,"CDR=BZ")*1,"") -> 194 | O12: {=_xll.BQL.DATE(_xll.BADDPERIODS(DATE(YEAR($L$1),MONTH($L$1),DAY(15)),"NUMBEROFPERIODS",K12,"PER=M","CDR=BZ","BusDayAdj=-1"))} -> 2024-09-16 | P12: =IFERROR(_xll.BCOUNTPERIODS($L$1,Q12,"CDR=BZ")*1,"") -> 204 | Q12: {=_xll.BQL.DATE(_xll.BADDPERIODS(EOMONTH($L$1,0),"NUMBEROFPERIODS",K12,"PER=M","CDR=BZ","BusDayAdj=2"))} -> 2024-09-30 | T12: 9 | U12: 189 | V12: 9M | W12: =IFERROR(_xll.BCOUNTPERIODS($U$1,X12,"CDR=BZ")*1,"") -> 193 | X12: {=_xll.BQL.DATE(_xll.BADDPERIODS(DATE(YEAR($U$1),MONTH($U$1),DAY(15)),"NUMBEROFPERIODS",T12,"PER=M","CDR=BZ","BusDayAdj=-1"))} -> 2024-03-15 | Y12: =IFERROR(_xll.BCOUNTPERIODS($U$1,Z12,"CDR=BZ")*1,"") -> 202 | Z12: {=_xll.BQL.DATE(_xll.BADDPERIODS(EOMONTH($U$1,0),"NUMBEROFPERIODS",T12,"PER=M","CDR=BZ","BusDayAdj=2"))} -> 2024-03-28
B13: 10 | C13: 210 | D13: 10M | E13: =IFERROR(_xll.BCOUNTPERIODS($C$1,F13,"CDR=BZ")*1,"") -> 207 | F13: {=_xll.BQL.DATE(_xll.BADDPERIODS(DATE(YEAR($C$1),MONTH($C$1),DAY(15)),"NUMBEROFPERIODS",B13,"PER=M","CDR=BZ","BusDayAdj=-1"))} -> 2026-04-15 | G13: =IFERROR(_xll.BCOUNTPERIODS($C$1,H13,"CDR=BZ")*1,"") -> 217 | H13: {=_xll.BQL.DATE(_xll.BADDPERIODS(EOMONTH($C$1,0),"NUMBEROFPERIODS",B13,"PER=M","CDR=BZ","BusDayAdj=2"))} -> 2026-04-30 | K13: 10 | L13: 210 | M13: 10M | N13: =IFERROR(_xll.BCOUNTPERIODS($L$1,O13,"CDR=BZ")*1,"") -> 215 | O13: {=_xll.BQL.DATE(_xll.BADDPERIODS(DATE(YEAR($L$1),MONTH($L$1),DAY(15)),"NUMBEROFPERIODS",K13,"PER=M","CDR=BZ","BusDayAdj=-1"))} -> 2024-10-15 | P13: =IFERROR(_xll.BCOUNTPERIODS($L$1,Q13,"CDR=BZ")*1,"") -> 227 | Q13: {=_xll.BQL.DATE(_xll.BADDPERIODS(EOMONTH($L$1,0),"NUMBEROFPERIODS",K13,"PER=M","CDR=BZ","BusDayAdj=2"))} -> 2024-10-31 | T13: 10 | U13: 210 | V13: 10M | W13: =IFERROR(_xll.BCOUNTPERIODS($U$1,X13,"CDR=BZ")*1,"") -> 213 | X13: {=_xll.BQL.DATE(_xll.BADDPERIODS(DATE(YEAR($U$1),MONTH($U$1),DAY(15)),"NUMBEROFPERIODS",T13,"PER=M","CDR=BZ","BusDayAdj=-1"))} -> 2024-04-15 | Y13: =IFERROR(_xll.BCOUNTPERIODS($U$1,Z13,"CDR=BZ")*1,"") -> 224 | Z13: {=_xll.BQL.DATE(_xll.BADDPERIODS(EOMONTH($U$1,0),"NUMBEROFPERIODS",T13,"PER=M","CDR=BZ","BusDayAdj=2"))} -> 2024-04-30
B14: 11 | C14: 231 | D14: 11M | E14: =IFERROR(_xll.BCOUNTPERIODS($C$1,F14,"CDR=BZ")*1,"") -> 227 | F14: {=_xll.BQL.DATE(_xll.BADDPERIODS(DATE(YEAR($C$1),MONTH($C$1),DAY(15)),"NUMBEROFPERIODS",B14,"PER=M","CDR=BZ","BusDayAdj=-1"))} -> 2026-05-15 | G14: =IFERROR(_xll.BCOUNTPERIODS($C$1,H14,"CDR=BZ")*1,"") -> 237 | H14: {=_xll.BQL.DATE(_xll.BADDPERIODS(EOMONTH($C$1,0),"NUMBEROFPERIODS",B14,"PER=M","CDR=BZ","BusDayAdj=2"))} -> 2026-05-29 | K14: 11 | L14: 231 | M14: 11M | N14: =IFERROR(_xll.BCOUNTPERIODS($L$1,O14,"CDR=BZ")*1,"") -> 238 | O14: {=_xll.BQL.DATE(_xll.BADDPERIODS(DATE(YEAR($L$1),MONTH($L$1),DAY(15)),"NUMBEROFPERIODS",K14,"PER=M","CDR=BZ","BusDayAdj=-1"))} -> 2024-11-18 | P14: =IFERROR(_xll.BCOUNTPERIODS($L$1,Q14,"CDR=BZ")*1,"") -> 246 | Q14: {=_xll.BQL.DATE(_xll.BADDPERIODS(EOMONTH($L$1,0),"NUMBEROFPERIODS",K14,"PER=M","CDR=BZ","BusDayAdj=2"))} -> 2024-11-29 | T14: 11 | U14: 231 | V14: 11M | W14: =IFERROR(_xll.BCOUNTPERIODS($U$1,X14,"CDR=BZ")*1,"") -> 234 | X14: {=_xll.BQL.DATE(_xll.BADDPERIODS(DATE(YEAR($U$1),MONTH($U$1),DAY(15)),"NUMBEROFPERIODS",T14,"PER=M","CDR=BZ","BusDayAdj=-1"))} -> 2024-05-15 | Y14: =IFERROR(_xll.BCOUNTPERIODS($U$1,Z14,"CDR=BZ")*1,"") -> 244 | Z14: {=_xll.BQL.DATE(_xll.BADDPERIODS(EOMONTH($U$1,0),"NUMBEROFPERIODS",T14,"PER=M","CDR=BZ","BusDayAdj=2"))} -> 2024-05-29
B15: 12 | C15: 252 | D15: 1Y | E15: =IFERROR(_xll.BCOUNTPERIODS($C$1,F15,"CDR=BZ")*1,"") -> 247 | F15: {=_xll.BQL.DATE(_xll.BADDPERIODS(DATE(YEAR($C$1),MONTH($C$1),DAY(15)),"NUMBEROFPERIODS",B15,"PER=M","CDR=BZ","BusDayAdj=-1"))} -> 2026-06-15 | G15: =IFERROR(_xll.BCOUNTPERIODS($C$1,H15,"CDR=BZ")*1,"") -> 258 | H15: {=_xll.BQL.DATE(_xll.BADDPERIODS(EOMONTH($C$1,0),"NUMBEROFPERIODS",B15,"PER=M","CDR=BZ","BusDayAdj=2"))} -> 2026-06-30 | K15: 12 | L15: 252 | M15: 1Y | N15: =IFERROR(_xll.BCOUNTPERIODS($L$1,O15,"CDR=BZ")*1,"") -> 257 | O15: {=_xll.BQL.DATE(_xll.BADDPERIODS(DATE(YEAR($L$1),MONTH($L$1),DAY(15)),"NUMBEROFPERIODS",K15,"PER=M","CDR=BZ","BusDayAdj=-1"))} -> 2024-12-16 | P15: =IFERROR(_xll.BCOUNTPERIODS($L$1,Q15,"CDR=BZ")*1,"") -> 267 | Q15: {=_xll.BQL.DATE(_xll.BADDPERIODS(EOMONTH($L$1,0),"NUMBEROFPERIODS",K15,"PER=M","CDR=BZ","BusDayAdj=2"))} -> 2024-12-31 | T15: 12 | U15: 252 | V15: 1Y | W15: =IFERROR(_xll.BCOUNTPERIODS($U$1,X15,"CDR=BZ")*1,"") -> 256 | X15: {=_xll.BQL.DATE(_xll.BADDPERIODS(DATE(YEAR($U$1),MONTH($U$1),DAY(15)),"NUMBEROFPERIODS",T15,"PER=M","CDR=BZ","BusDayAdj=-1"))} -> 2024-06-17 | Y15: =IFERROR(_xll.BCOUNTPERIODS($U$1,Z15,"CDR=BZ")*1,"") -> 265 | Z15: {=_xll.BQL.DATE(_xll.BADDPERIODS(EOMONTH($U$1,0),"NUMBEROFPERIODS",T15,"PER=M","CDR=BZ","BusDayAdj=2"))} -> 2024-06-28
... B45: 60 | C45: 1260 | D45: 5Y | E45: =IFERROR(_xll.BCOUNTPERIODS($C$1,F45,"CDR=BZ")*1,"") -> 1248 | F45: {=_xll.BQL.DATE(_xll.BADDPERIODS(DATE(YEAR($C$1),MONTH($C$1),DAY(15)),"NUMBEROFPERIODS",B45,"PER=M","CDR=BZ","BusDayAdj=-1"))} -> 2030-06-17 | G45: =IFERROR(_xll.BCOUNTPERIODS($C$1,H45,"CDR=BZ")*1,"") -> 1256 | H45: {=_xll.BQL.DATE(_xll.BADDPERIODS(EOMONTH($C$1,0),"NUMBEROFPERIODS",B45,"PER=M","CDR=BZ","BusDayAdj=2"))} -> 2030-06-28 | K45: 60 | L45: 1260 | M45: 5Y | N45: =IFERROR(_xll.BCOUNTPERIODS($L$1,O45,"CDR=BZ")*1,"") -> 1258 | O45: {=_xll.BQL.DATE(_xll.BADDPERIODS(DATE(YEAR($L$1),MONTH($L$1),DAY(15)),"NUMBEROFPERIODS",K45,"PER=M","CDR=BZ","BusDayAdj=-1"))} -> 2028-12-15 | P45: =IFERROR(_xll.BCOUNTPERIODS($L$1,Q45,"CDR=BZ")*1,"") -> 1267 | Q45: {=_xll.BQL.DATE(_xll.BADDPERIODS(EOMONTH($L$1,0),"NUMBEROFPERIODS",K45,"PER=M","CDR=BZ","BusDayAdj=2"))} -> 2028-12-29 | T45: 60 | U45: 1260 | V45: 5Y | W45: =IFERROR(_xll.BCOUNTPERIODS($U$1,X45,"CDR=BZ")*1,"") -> 1260 | X45: {=_xll.BQL.DATE(_xll.BADDPERIODS(DATE(YEAR($U$1),MONTH($U$1),DAY(15)),"NUMBEROFPERIODS",T45,"PER=M","CDR=BZ","BusDayAdj=-1"))} -> 2028-06-16 | Y45: =IFERROR(_xll.BCOUNTPERIODS($U$1,Z45,"CDR=BZ")*1,"") -> 1270 | Z45: {=_xll.BQL.DATE(_xll.BADDPERIODS(EOMONTH($U$1,0),"NUMBEROFPERIODS",T45,"PER=M","CDR=BZ","BusDayAdj=2"))} -> 2028-06-30

Sheet DATA
B2: =IPCA!$G$7 -> YCSW0089 Index | K2: =IPCA!$G$9 -> WLA Index | T2: Today | U2: =TODAY() -> 45829
B3: Curve Date: | C3: =$U$6 -> 45828 | K3: Curve Date: | L3: =$U$6 -> 45828
B4: ="get(ID().tenor as #tenor, curve_rate(side=Ask).value as #yield,Ceil(id().year_fraction*252) as #Point,MATURITY().value as #Maturity) for(curveMembers(['"&B2&"'])) with(dates="&_xll.BQL.DATE(C3)&")" -> get(ID().tenor as #tenor, curve_rate(side=Ask).value as #yield,Ceil(id().year_fraction*252) as #Point,MATURITY().value as #Maturity) for(curveMembers(['YCSW0089 Index'])) with(dates=2025-06-20) | T4: DATE 1 | U4: {=_xll.BADDPERIODS(Comparison!$C$9,"CDR=B3","BusDayAdj=+1")} -> 45268
B5: ="get(ID().tenor as #tenor, curve_rate(side=Ask).value as #yield,Ceil(id().year_fraction*252) as #Point,FUT_LAST_TRADE_DT AS #maturity) for(filter(curveMembers(['"&B2&"']),grouprank(FUT_LAST_TRADE_DT,order=asc)<=60)) with(dates="&_xll.BQL.DATE(C3)&")" -> get(ID().tenor as #tenor, curve_rate(side=Ask).value as #yield,Ceil(id().year_fraction*252) as #Point,FUT_LAST_TRADE_DT AS #maturity) for(filter(curveMembers(['YCSW0089 Index']),grouprank(FUT_LAST_TRADE_DT,order=asc)<=60)) with(dates=2025-06-20) | K5: ="get(ID().tenor as #tenor, curve_rate(side=Ask).value as #yield,Ceil(id().year_fraction*252) as #Point,MATURITY().value as #Maturity) for(curveMembers(['"&K2&"'])) with(dates="&_xll.BQL.DATE(L3)&")" -> get(ID().tenor as #tenor, curve_rate(side=Ask).value as #yield,Ceil(id().year_fraction*252) as #Point,MATURITY().value as #Maturity) for(curveMembers(['WLA Index'])) with(dates=2025-06-20) | T5: DATE 2 | U5: {=_xll.BADDPERIODS(Comparison!$C$11,"CDR=B3","BusDayAdj=+1")} -> 45084
B6: {=_xll.BQL.QUERY(_xlfn.IFS(B2=$T$9,B5,B2=$T$10,B4))} -> ID | C6: #tenor.TENOR | D6: #yield | E6: #Point | F6: #maturity | G6: BD | H6: Periods | I6: Interpol | K6: {=_xll.BQL.QUERY(K5)} -> #N/A Invalid Security: Unable to evaluate universe. Either the identifier is invalid or you do not have access to the data. Check inputs and try again. | P6: BD | Q6: Periods | R6: Interpol | T6: MAIN | U6: {=_xll.BADDPERIODS($U$2,"CDR=B3","BusDayAdj=+1")} -> 45828
B7: ODN25 Comdty | C7: 1W | D7: 14.901 | E7: 5 | F7: 45838 | G7: =IFERROR(_xll.BCOUNTPERIODS($C$3,F7,"CDR=BZ")*1,"") -> 6 | H7: =_xlfn.IFS(IPCA!$O$7=DATA!$T$26,PERIODS!C4,IPCA!$O$7=DATA!$T$27,PERIODS!E4,IPCA!$O$7=DATA!$T$28,PERIODS!G4) -> 28 | I7: =IFERROR(_xll.BInterpol($G$7:$G$48, $D$7:$D$48, H7, "Cubic","Skip=True")*1,"") -> 14.905143 | P7: =IFERROR(_xll.BCOUNTPERIODS($L$3,O7,"CDR=BZ")*1,"") | Q7: =_xlfn.IFS(IPCA!$O$7=DATA!$T$26,PERIODS!C4,IPCA!$O$7=DATA!$T$27,PERIODS!E4,IPCA!$O$7=DATA!$T$28,PERIODS!G4) -> 28 | R7: =IFERROR(IF($K$2=$T$16,_xll.BInterpol(FUT!$F$7:$F$28, FUT!$E$7:$E$28, Q7, "Cubic","Skip=True"),_xll.BInterpol($P$7:$P$48, $M$7:$M$48, Q7, "Cubic","Skip=True"))*1,"") -> 12.421827
B8: ODQ25 Comdty | C8: 1M | D8: 14.906 | E8: 21 | F8: 45869 | G8: =IFERROR(_xll.BCOUNTPERIODS($C$3,F8,"CDR=BZ")*1,"") -> 29 | H8: =_xlfn.IFS(IPCA!$O$7=DATA!$T$26,PERIODS!C5,IPCA!$O$7=DATA!$T$27,PERIODS!E5,IPCA!$O$7=DATA!$T$28,PERIODS!G5) -> 50 | I8: =IFERROR(_xll.BInterpol($G$7:$G$45, $D$7:$D$45, H8, "Cubic","Skip=True")*1,"") -> 14.933 | P8: =IFERROR(_xll.BCOUNTPERIODS($L$3,O8,"CDR=BZ")*1,"") | Q8: =_xlfn.IFS(IPCA!$O$7=DATA!$T$26,PERIODS!C5,IPCA!$O$7=DATA!$T$27,PERIODS!E5,IPCA!$O$7=DATA!$T$28,PERIODS!G5) -> 50 | R8: =IFERROR(IF($K$2=$T$16,_xll.BInterpol(FUT!$F$7:$F$28, FUT!$E$7:$E$28, Q8, "Cubic","Skip=True"),_xll.BInterpol($P$7:$P$48, $M$7:$M$48, Q8, "Cubic","Skip=True"))*1,"") -> 11.758117
B9: ODU25 Comdty | C9: 2M | D9: 14.933 | E9: 42 | F9: 45898 | G9: =IFERROR(_xll.BCOUNTPERIODS($C$3,F9,"CDR=BZ")*1,"") -> 50 | H9: =_xlfn.IFS(IPCA!$O$7=DATA!$T$26,PERIODS!C6,IPCA!$O$7=DATA!$T$27,PERIODS!E6,IPCA!$O$7=DATA!$T$28,PERIODS!G6) -> 72 | I9: =IFERROR(_xll.BInterpol($G$7:$G$45, $D$7:$D$45, H9, "Cubic","Skip=True")*1,"") -> 14.947 | P9: =IFERROR(_xll.BCOUNTPERIODS($L$3,O9,"CDR=BZ")*1,"") | Q9: =_xlfn.IFS(IPCA!$O$7=DATA!$T$26,PERIODS!C6,IPCA!$O$7=DATA!$T$27,PERIODS!E6,IPCA!$O$7=DATA!$T$28,PERIODS!G6) -> 72 | R9: =IFERROR(IF($K$2=$T$16,_xll.BInterpol(FUT!$F$7:$F$28, FUT!$E$7:$E$28, Q9, "Cubic","Skip=True"),_xll.BInterpol($P$7:$P$48, $M$7:$M$48, Q9, "Cubic","Skip=True"))*1,"") -> 10.6457 | T9: YCSW0089 Index | U9: {=_xll.BQL(T9,"LONG_COMP_NAME")} -> BM&F Pre x DI Curve
B10: ODV25 Comdty | C10: 3M | D10: 14.947 | E10: 63 | F10: 45930 | G10: =IFERROR(_xll.BCOUNTPERIODS($C$3,F10,"CDR=BZ")*1,"") -> 72 | H10: =_xlfn.IFS(IPCA!$O$7=DATA!$T$26,PERIODS!C7,IPCA!$O$7=DATA!$T$27,PERIODS!E7,IPCA!$O$7=DATA!$T$28,PERIODS!G7) -> 94 | I10: =IFERROR(_xll.BInterpol($G$7:$G$45, $D$7:$D$45, H10, "Cubic","Skip=True")*1,"") -> 14.954852 | P10: =IFERROR(_xll.BCOUNTPERIODS($L$3,O10,"CDR=BZ")*1,"") | Q10: =_xlfn.IFS(IPCA!$O$7=DATA!$T$26,PERIODS!C7,IPCA!$O$7=DATA!$T$27,PERIODS!E7,IPCA!$O$7=DATA!$T$28,PERIODS!G7) -> 94 | R10: =IFERROR(IF($K$2=$T$16,_xll.BInterpol(FUT!$F$7:$F$28, FUT!$E$7:$E$28, Q10, "Cubic","Skip=True"),_xll.BInterpol($P$7:$P$48, $M$7:$M$48, Q10, "Cubic","Skip=True"))*1,"") -> 10.64822 | T10: YCGT0393 Index | U10: {=_xll.BQL(T10,"LONG_COMP_NAME")} -> BRL Brazil Sovereign Curve
B11: ODX25 Comdty | C11: 4M | D11: 14.955 | E11: 83 | F11: 45961 | G11: =IFERROR(_xll.BCOUNTPERIODS($C$3,F11,"CDR=BZ")*1,"") -> 95 | H11: =_xlfn.IFS(IPCA!$O$7=DATA!$T$26,PERIODS!C8,IPCA!$O$7=DATA!$T$27,PERIODS!E8,IPCA!$O$7=DATA!$T$28,PERIODS!G8) -> 114 | I11: =IFERROR(_xll.BInterpol($G$7:$G$45, $D$7:$D$45, H11, "Cubic","Skip=True")*1,"") -> 14.955 | P11: =IFERROR(_xll.BCOUNTPERIODS($L$3,O11,"CDR=BZ")*1,"") | Q11: =_xlfn.IFS(IPCA!$O$7=DATA!$T$26,PERIODS!C8,IPCA!$O$7=DATA!$T$27,PERIODS!E8,IPCA!$O$7=DATA!$T$28,PERIODS!G8) -> 114 | R11: =IFERROR(IF($K$2=$T$16,_xll.BInterpol(FUT!$F$7:$F$28, FUT!$E$7:$E$28, Q11, "Cubic","Skip=True"),_xll.BInterpol($P$7:$P$48, $M$7:$M$48, Q11, "Cubic","Skip=True"))*1,"") -> 10.463594
B12: ODZ25 Comdty | C12: 5M | D12: 14.955 | E12: 104 | F12: 45989 | G12: =IFERROR(_xll.BCOUNTPERIODS($C$3,F12,"CDR=BZ")*1,"") -> 114 | H12: =_xlfn.IFS(IPCA!$O$7=DATA!$T$26,PERIODS!C9,IPCA!$O$7=DATA!$T$27,PERIODS!E9,IPCA!$O$7=DATA!$T$28,PERIODS!G9) -> 135 | I12: =IFERROR(_xll.BInterpol($G$7:$G$45, $D$7:$D$45, H12, "Cubic","Skip=True")*1,"") -> 14.958 | P12: =IFERROR(_xll.BCOUNTPERIODS($L$3,O12,"CDR=BZ")*1,"") | Q12: =_xlfn.IFS(IPCA!$O$7=DATA!$T$26,PERIODS!C9,IPCA!$O$7=DATA!$T$27,PERIODS!E9,IPCA!$O$7=DATA!$T$28,PERIODS!G9) -> 135 | R12: =IFERROR(IF($K$2=$T$16,_xll.BInterpol(FUT!$F$7:$F$28, FUT!$E$7:$E$28, Q12, "Cubic","Skip=True"),_xll.BInterpol($P$7:$P$48, $M$7:$M$48, Q12, "Cubic","Skip=True"))*1,"") -> 10.369619
B13: ODF26 Comdty | C13: 6M | D13: 14.958 | E13: 125 | F13: 46021 | G13: =IFERROR(_xll.BCOUNTPERIODS($C$3,F13,"CDR=BZ")*1,"") -> 135 | H13: =_xlfn.IFS(IPCA!$O$7=DATA!$T$26,PERIODS!C10,IPCA!$O$7=DATA!$T$27,PERIODS!E10,IPCA!$O$7=DATA!$T$28,PERIODS!G10) -> 157 | I13: =IFERROR(_xll.BInterpol($G$7:$G$45, $D$7:$D$45, H13, "Cubic","Skip=True")*1,"") -> 14.96 | P13: =IFERROR(_xll.BCOUNTPERIODS($L$3,O13,"CDR=BZ")*1,"") | Q13: =_xlfn.IFS(IPCA!$O$7=DATA!$T$26,PERIODS!C10,IPCA!$O$7=DATA!$T$27,PERIODS!E10,IPCA!$O$7=DATA!$T$28,PERIODS!G10) -> 157 | R13: =IFERROR(IF($K$2=$T$16,_xll.BInterpol(FUT!$F$7:$F$28, FUT!$E$7:$E$28, Q13, "Cubic","Skip=True"),_xll.BInterpol($P$7:$P$48, $M$7:$M$48, Q13, "Cubic","Skip=True"))*1,"") -> 10.22527
B14: ODG26 Comdty | C14: 7M | D14: 14.96 | E14: 145 | F14: 46052 | G14: =IFERROR(_xll.BCOUNTPERIODS($C$3,F14,"CDR=BZ")*1,"") -> 157 | H14: =_xlfn.IFS(IPCA!$O$7=DATA!$T$26,PERIODS!C11,IPCA!$O$7=DATA!$T$27,PERIODS!E11,IPCA!$O$7=DATA!$T$28,PERIODS!G11) -> 175 | I14: =IFERROR(_xll.BInterpol($G$7:$G$45, $D$7:$D$45, H14, "Cubic","Skip=True")*1,"") -> 14.955 | P14: =IFERROR(_xll.BCOUNTPERIODS($L$3,O14,"CDR=BZ")*1,"") | Q14: =_xlfn.IFS(IPCA!$O$7=DATA!$T$26,PERIODS!C11,IPCA!$O$7=DATA!$T$27,PERIODS!E11,IPCA!$O$7=DATA!$T$28,PERIODS!G11) -> 175 | R14: =IFERROR(IF($K$2=$T$16,_xll.BInterpol(FUT!$F$7:$F$28, FUT!$E$7:$E$28, Q14, "Cubic","Skip=True"),_xll.BInterpol($P$7:$P$48, $M$7:$M$48, Q14, "Cubic","Skip=True"))*1,"") -> 10.137143
B15: ODH26 Comdty | C15: 8M | D15: 14.955 | E15: 166 | F15: 46080 | G15: =IFERROR(_xll.BCOUNTPERIODS($C$3,F15,"CDR=BZ")*1,"") -> 175 | H15: =_xlfn.IFS(IPCA!$O$7=DATA!$T$26,PERIODS!C12,IPCA!$O$7=DATA!$T$27,PERIODS!E12,IPCA!$O$7=DATA!$T$28,PERIODS!G12) -> 196 | I15: =IFERROR(_xll.BInterpol($G$7:$G$45, $D$7:$D$45, H15, "Cubic","Skip=True")*1,"") -> 14.926749 | P15: =IFERROR(_xll.BCOUNTPERIODS($L$3,O15,"CDR=BZ")*1,"") | Q15: =_xlfn.IFS(IPCA!$O$7=DATA!$T$26,PERIODS!C12,IPCA!$O$7=DATA!$T$27,PERIODS!E12,IPCA!$O$7=DATA!$T$28,PERIODS!G12) -> 196 | R15: =IFERROR(IF($K$2=$T$16,_xll.BInterpol(FUT!$F$7:$F$28, FUT!$E$7:$E$28, Q15, "Cubic","Skip=True"),_xll.BInterpol($P$7:$P$48, $M$7:$M$48, Q15, "Cubic","Skip=True"))*1,"") -> 10.063334
B16: ODJ26 Comdty | C16: 9M | D16: 14.925 | E16: 187 | F16: 46112 | G16: =IFERROR(_xll.BCOUNTPERIODS($C$3,F16,"CDR=BZ")*1,"") -> 197 | H16: =_xlfn.IFS(IPCA!$O$7=DATA!$T$26,PERIODS!C13,IPCA!$O$7=DATA!$T$27,PERIODS!E13,IPCA!$O$7=DATA!$T$28,PERIODS!G13) -> 217 | I16: =IFERROR(_xll.BInterpol($G$7:$G$45, $D$7:$D$45, H16, "Cubic","Skip=True")*1,"") -> 14.885 | P16: =IFERROR(_xll.BCOUNTPERIODS($L$3,O16,"CDR=BZ")*1,"") | Q16: =_xlfn.IFS(IPCA!$O$7=DATA!$T$26,PERIODS!C13,IPCA!$O$7=DATA!$T$27,PERIODS!E13,IPCA!$O$7=DATA!$T$28,PERIODS!G13) -> 217 | R16: =IFERROR(IF($K$2=$T$16,_xll.BInterpol(FUT!$F$7:$F$28, FUT!$E$7:$E$28, Q16, "Cubic","Skip=True"),_xll.BInterpol($P$7:$P$48, $M$7:$M$48, Q16, "Cubic","Skip=True"))*1,"") -> 10.011454 | T16: WLA Index | U16: {=_xll.BQL( T16, "ID_BB_GLOBAL_COMPANY_NAME()")} -> ID x IPCA Spread Futures
B17: ODK26 Comdty | C17: 10M | D17: 14.885 | E17: 208 | F17: 46142 | G17: =IFERROR(_xll.BCOUNTPERIODS($C$3,F17,"CDR=BZ")*1,"") -> 217 | H17: =_xlfn.IFS(IPCA!$O$7=DATA!$T$26,PERIODS!C14,IPCA!$O$7=DATA!$T$27,PERIODS!E14,IPCA!$O$7=DATA!$T$28,PERIODS!G14) -> 237 | I17: =IFERROR(_xll.BInterpol($G$7:$G$45, $D$7:$D$45, H17, "Cubic","Skip=True")*1,"") -> 14.833 | P17: =IFERROR(_xll.BCOUNTPERIODS($L$3,O17,"CDR=BZ")*1,"") | Q17: =_xlfn.IFS(IPCA!$O$7=DATA!$T$26,PERIODS!C14,IPCA!$O$7=DATA!$T$27,PERIODS!E14,IPCA!$O$7=DATA!$T$28,PERIODS!G14) -> 237 | R17: =IFERROR(IF($K$2=$T$16,_xll.BInterpol(FUT!$F$7:$F$28, FUT!$E$7:$E$28, Q17, "Cubic","Skip=True"),_xll.BInterpol($P$7:$P$48, $M$7:$M$48, Q17, "Cubic","Skip=True"))*1,"") -> 9.973491 | T17: YCGT0372 Index | U17: {=_xll.BQL(T17,"LONG_COMP_NAME")} -> BRL Brazil Govt IPCA-Link Curve
B18: ODM26 Comdty | C18: 11M | D18: 14.833 | E18: 228 | F18: 46171 | G18: =IFERROR(_xll.BCOUNTPERIODS($C$3,F18,"CDR=BZ")*1,"") -> 237 | H18: =_xlfn.IFS(IPCA!$O$7=DATA!$T$26,PERIODS!C15,IPCA!$O$7=DATA!$T$27,PERIODS!E15,IPCA!$O$7=DATA!$T$28,PERIODS!G15) -> 258 | I18: =IFERROR(_xll.BInterpol($G$7:$G$45, $D$7:$D$45, H18, "Cubic","Skip=True")*1,"") -> 14.773 | P18: =IFERROR(_xll.BCOUNTPERIODS($L$3,O18,"CDR=BZ")*1,"") | Q18: =_xlfn.IFS(IPCA!$O$7=DATA!$T$26,PERIODS!C15,IPCA!$O$7=DATA!$T$27,PERIODS!E15,IPCA!$O$7=DATA!$T$28,PERIODS!G15) -> 258 | R18: =IFERROR(IF($K$2=$T$16,_xll.BInterpol(FUT!$F$7:$F$28, FUT!$E$7:$E$28, Q18, "Cubic","Skip=True"),_xll.BInterpol($P$7:$P$48, $M$7:$M$48, Q18, "Cubic","Skip=True"))*1,"") -> 9.9362588 | T18: BVIS1138 Index | U18: {=_xll.BQL(T18,"LONG_COMP_NAME")} -> BRL Brazil Govt Inflation Linked BVAL Curve
B19: ODN26 Comdty | C19: 1Y | D19: 14.773 | E19: 252 | F19: 46203 | G19: =IFERROR(_xll.BCOUNTPERIODS($C$3,F19,"CDR=BZ")*1,"") -> 258 | H19: =_xlfn.IFS(IPCA!$O$7=DATA!$T$26,PERIODS!C16,IPCA!$O$7=DATA!$T$27,PERIODS!E16,IPCA!$O$7=DATA!$T$28,PERIODS!G16) -> 280 | I19: =IFERROR(_xll.BInterpol($G$7:$G$45, $D$7:$D$45, H19, "Cubic","Skip=True")*1,"") -> 14.701109 | P19: =IFERROR(_xll.BCOUNTPERIODS($L$3,O19,"CDR=BZ")*1,"") | Q19: =_xlfn.IFS(IPCA!$O$7=DATA!$T$26,PERIODS!C16,IPCA!$O$7=DATA!$T$27,PERIODS!E16,IPCA!$O$7=DATA!$T$28,PERIODS!G16) -> 280 | R19: =IFERROR(IF($K$2=$T$16,_xll.BInterpol(FUT!$F$7:$F$28, FUT!$E$7:$E$28, Q19, "Cubic","Skip=True"),_xll.BInterpol($P$7:$P$48, $M$7:$M$48, Q19, "Cubic","Skip=True"))*1,"") -> 9.8896604
B20: ODV26 Comdty | C20: 15M | D20: 14.535 | E20: 311 | F20: 46295 | G20: =IFERROR(_xll.BCOUNTPERIODS($C$3,F20,"CDR=BZ")*1,"") -> 323 | H20: =_xlfn.IFS(IPCA!$O$7=DATA!$T$26,PERIODS!C17,IPCA!$O$7=DATA!$T$27,PERIODS!E17,IPCA!$O$7=DATA!$T$28,PERIODS!G17) -> 301 | I20: =IFERROR(_xll.BInterpol($G$7:$G$45, $D$7:$D$45, H20, "Cubic","Skip=True")*1,"") -> 14.623692 | P20: =IFERROR(_xll.BCOUNTPERIODS($L$3,O20,"CDR=BZ")*1,"") | Q20: =_xlfn.IFS(IPCA!$O$7=DATA!$T$26,PERIODS!C17,IPCA!$O$7=DATA!$T$27,PERIODS!E17,IPCA!$O$7=DATA!$T$28,PERIODS!G17) -> 301 | R20: =IFERROR(IF($K$2=$T$16,_xll.BInterpol(FUT!$F$7:$F$28, FUT!$E$7:$E$28, Q20, "Cubic","Skip=True"),_xll.BInterpol($P$7:$P$48, $M$7:$M$48, Q20, "Cubic","Skip=True"))*1,"") -> 9.8279867
B21: ODF27 Comdty | C21: 18M | D21: 14.281 | E21: 373 | F21: 46386 | G21: =IFERROR(_xll.BCOUNTPERIODS($C$3,F21,"CDR=BZ")*1,"") -> 384 | H21: =_xlfn.IFS(IPCA!$O$7=DATA!$T$26,PERIODS!C18,IPCA!$O$7=DATA!$T$27,PERIODS!E18,IPCA!$O$7=DATA!$T$28,PERIODS!G18) -> 323 | I21: =IFERROR(_xll.BInterpol($G$7:$G$45, $D$7:$D$45, H21, "Cubic","Skip=True")*1,"") -> 14.535 | P21: =IFERROR(_xll.BCOUNTPERIODS($L$3,O21,"CDR=BZ")*1,"") | Q21: =_xlfn.IFS(IPCA!$O$7=DATA!$T$26,PERIODS!C18,IPCA!$O$7=DATA!$T$27,PERIODS!E18,IPCA!$O$7=DATA!$T$28,PERIODS!G18) -> 323 | R21: =IFERROR(IF($K$2=$T$16,_xll.BInterpol(FUT!$F$7:$F$28, FUT!$E$7:$E$28, Q21, "Cubic","Skip=True"),_xll.BInterpol($P$7:$P$48, $M$7:$M$48, Q21, "Cubic","Skip=True"))*1,"") -> 9.7410489
B22: ODJ27 Comdty | C22: 21M | D22: 14.079 | E22: 435 | F22: 46477 | G22: =IFERROR(_xll.BCOUNTPERIODS($C$3,F22,"CDR=BZ")*1,"") -> 445 | H22: =_xlfn.IFS(IPCA!$O$7=DATA!$T$26,PERIODS!C19,IPCA!$O$7=DATA!$T$27,PERIODS!E19,IPCA!$O$7=DATA!$T$28,PERIODS!G19) -> 344 | I22: =IFERROR(_xll.BInterpol($G$7:$G$45, $D$7:$D$45, H22, "Cubic","Skip=True")*1,"") -> 14.445382 | P22: =IFERROR(_xll.BCOUNTPERIODS($L$3,O22,"CDR=BZ")*1,"") | Q22: =_xlfn.IFS(IPCA!$O$7=DATA!$T$26,PERIODS!C19,IPCA!$O$7=DATA!$T$27,PERIODS!E19,IPCA!$O$7=DATA!$T$28,PERIODS!G19) -> 344 | R22: =IFERROR(IF($K$2=$T$16,_xll.BInterpol(FUT!$F$7:$F$28, FUT!$E$7:$E$28, Q22, "Cubic","Skip=True"),_xll.BInterpol($P$7:$P$48, $M$7:$M$48, Q22, "Cubic","Skip=True"))*1,"") -> 9.6389539
B23: ODN27 Comdty | C23: 2Y | D23: 13.872 | E23: 504 | F23: 46568 | G23: =IFERROR(_xll.BCOUNTPERIODS($C$3,F23,"CDR=BZ")*1,"") -> 508 | H23: =_xlfn.IFS(IPCA!$O$7=DATA!$T$26,PERIODS!C20,IPCA!$O$7=DATA!$T$27,PERIODS!E20,IPCA!$O$7=DATA!$T$28,PERIODS!G20) -> 363 | I23: =IFERROR(_xll.BInterpol($G$7:$G$45, $D$7:$D$45, H23, "Cubic","Skip=True")*1,"") -> 14.364536 | P23: =IFERROR(_xll.BCOUNTPERIODS($L$3,O23,"CDR=BZ")*1,"") | Q23: =_xlfn.IFS(IPCA!$O$7=DATA!$T$26,PERIODS!C20,IPCA!$O$7=DATA!$T$27,PERIODS!E20,IPCA!$O$7=DATA!$T$28,PERIODS!G20) -> 363 | R23: =IFERROR(IF($K$2=$T$16,_xll.BInterpol(FUT!$F$7:$F$28, FUT!$E$7:$E$28, Q23, "Cubic","Skip=True"),_xll.BInterpol($P$7:$P$48, $M$7:$M$48, Q23, "Cubic","Skip=True"))*1,"") -> 9.5325337
B24: ODV27 Comdty | C24: 27M | D24: 13.708 | E24: 560 | F24: 46660 | G24: =IFERROR(_xll.BCOUNTPERIODS($C$3,F24,"CDR=BZ")*1,"") -> 573 | H24: =_xlfn.IFS(IPCA!$O$7=DATA!$T$26,PERIODS!C21,IPCA!$O$7=DATA!$T$27,PERIODS!E21,IPCA!$O$7=DATA!$T$28,PERIODS!G21) -> 384 | I24: =IFERROR(_xll.BInterpol($G$7:$G$45, $D$7:$D$45, H24, "Cubic","Skip=True")*1,"") -> 14.281 | P24: =IFERROR(_xll.BCOUNTPERIODS($L$3,O24,"CDR=BZ")*1,"") | Q24: =_xlfn.IFS(IPCA!$O$7=DATA!$T$26,PERIODS!C21,IPCA!$O$7=DATA!$T$27,PERIODS!E21,IPCA!$O$7=DATA!$T$28,PERIODS!G21) -> 384 | R24: =IFERROR(IF($K$2=$T$16,_xll.BInterpol(FUT!$F$7:$F$28, FUT!$E$7:$E$28, Q24, "Cubic","Skip=True"),_xll.BInterpol($P$7:$P$48, $M$7:$M$48, Q24, "Cubic","Skip=True"))*1,"") -> 9.4015961
B25: ODF28 Comdty | C25: 30M | D25: 13.558 | E25: 622 | F25: 46751 | G25: =IFERROR(_xll.BCOUNTPERIODS($C$3,F25,"CDR=BZ")*1,"") -> 635 | H25: =_xlfn.IFS(IPCA!$O$7=DATA!$T$26,PERIODS!C22,IPCA!$O$7=DATA!$T$27,PERIODS!E22,IPCA!$O$7=DATA!$T$28,PERIODS!G22) -> 405 | I25: =IFERROR(_xll.BInterpol($G$7:$G$45, $D$7:$D$45, H25, "Cubic","Skip=True")*1,"") -> 14.207421 | P25: =IFERROR(_xll.BCOUNTPERIODS($L$3,O25,"CDR=BZ")*1,"") | Q25: =_xlfn.IFS(IPCA!$O$7=DATA!$T$26,PERIODS!C22,IPCA!$O$7=DATA!$T$27,PERIODS!E22,IPCA!$O$7=DATA!$T$28,PERIODS!G22) -> 405 | R25: =IFERROR(IF($K$2=$T$16,_xll.BInterpol(FUT!$F$7:$F$28, FUT!$E$7:$E$28, Q25, "Cubic","Skip=True"),_xll.BInterpol($P$7:$P$48, $M$7:$M$48, Q25, "Cubic","Skip=True"))*1,"") -> 9.259115
B26: ODJ28 Comdty | C26: 33M | D26: 13.466 | E26: 684 | F26: 46843 | G26: =IFERROR(_xll.BCOUNTPERIODS($C$3,F26,"CDR=BZ")*1,"") -> 699 | H26: =_xlfn.IFS(IPCA!$O$7=DATA!$T$26,PERIODS!C23,IPCA!$O$7=DATA!$T$27,PERIODS!E23,IPCA!$O$7=DATA!$T$28,PERIODS!G23) -> 423 | I26: =IFERROR(_xll.BInterpol($G$7:$G$45, $D$7:$D$45, H26, "Cubic","Skip=True")*1,"") -> 14.149373 | P26: =IFERROR(_xll.BCOUNTPERIODS($L$3,O26,"CDR=BZ")*1,"") | Q26: =_xlfn.IFS(IPCA!$O$7=DATA!$T$26,PERIODS!C23,IPCA!$O$7=DATA!$T$27,PERIODS!E23,IPCA!$O$7=DATA!$T$28,PERIODS!G23) -> 423 | R26: =IFERROR(IF($K$2=$T$16,_xll.BInterpol(FUT!$F$7:$F$28, FUT!$E$7:$E$28, Q26, "Cubic","Skip=True"),_xll.BInterpol($P$7:$P$48, $M$7:$M$48, Q26, "Cubic","Skip=True"))*1,"") -> 9.1314192 | T26: Relative
B27: ODN28 Comdty | C27: 3Y | D27: 13.428 | E27: 756 | F27: 46934 | G27: =IFERROR(_xll.BCOUNTPERIODS($C$3,F27,"CDR=BZ")*1,"") -> 760 | H27: =_xlfn.IFS(IPCA!$O$7=DATA!$T$26,PERIODS!C24,IPCA!$O$7=DATA!$T$27,PERIODS!E24,IPCA!$O$7=DATA!$T$28,PERIODS!G24) -> 444 | I27: =IFERROR(_xll.BInterpol($G$7:$G$45, $D$7:$D$45, H27, "Cubic","Skip=True")*1,"") -> 14.082272 | P27: =IFERROR(_xll.BCOUNTPERIODS($L$3,O27,"CDR=BZ")*1,"") | Q27: =_xlfn.IFS(IPCA!$O$7=DATA!$T$26,PERIODS!C24,IPCA!$O$7=DATA!$T$27,PERIODS!E24,IPCA!$O$7=DATA!$T$28,PERIODS!G24) -> 444 | R27: =IFERROR(IF($K$2=$T$16,_xll.BInterpol(FUT!$F$7:$F$28, FUT!$E$7:$E$28, Q27, "Cubic","Skip=True"),_xll.BInterpol($P$7:$P$48, $M$7:$M$48, Q27, "Cubic","Skip=True"))*1,"") -> 8.9822195 | T27: Settlement
B28: ODV28 Comdty | C28: 39M | D28: 13.425 | E28: 808 | F28: 47025 | G28: =IFERROR(_xll.BCOUNTPERIODS($C$3,F28,"CDR=BZ")*1,"") -> 824 | H28: =_xlfn.IFS(IPCA!$O$7=DATA!$T$26,PERIODS!C25,IPCA!$O$7=DATA!$T$27,PERIODS!E25,IPCA!$O$7=DATA!$T$28,PERIODS!G25) -> 466 | I28: =IFERROR(_xll.BInterpol($G$7:$G$45, $D$7:$D$45, H28, "Cubic","Skip=True")*1,"") -> 14.008389 | P28: =IFERROR(_xll.BCOUNTPERIODS($L$3,O28,"CDR=BZ")*1,"") | Q28: =_xlfn.IFS(IPCA!$O$7=DATA!$T$26,PERIODS!C25,IPCA!$O$7=DATA!$T$27,PERIODS!E25,IPCA!$O$7=DATA!$T$28,PERIODS!G25) -> 466 | R28: =IFERROR(IF($K$2=$T$16,_xll.BInterpol(FUT!$F$7:$F$28, FUT!$E$7:$E$28, Q28, "Cubic","Skip=True"),_xll.BInterpol($P$7:$P$48, $M$7:$M$48, Q28, "Cubic","Skip=True"))*1,"") -> 8.8331308 | T28: End of Month
B29: ODF29 Comdty | C29: 42M | D29: 13.41 | E29: 870 | F29: 47115 | G29: =IFERROR(_xll.BCOUNTPERIODS($C$3,F29,"CDR=BZ")*1,"") -> 883 | H29: =_xlfn.IFS(IPCA!$O$7=DATA!$T$26,PERIODS!C26,IPCA!$O$7=DATA!$T$27,PERIODS!E26,IPCA!$O$7=DATA!$T$28,PERIODS!G26) -> 485 | I29: =IFERROR(_xll.BInterpol($G$7:$G$45, $D$7:$D$45, H29, "Cubic","Skip=True")*1,"") -> 13.944271 | P29: =IFERROR(_xll.BCOUNTPERIODS($L$3,O29,"CDR=BZ")*1,"") | Q29: =_xlfn.IFS(IPCA!$O$7=DATA!$T$26,PERIODS!C26,IPCA!$O$7=DATA!$T$27,PERIODS!E26,IPCA!$O$7=DATA!$T$28,PERIODS!G26) -> 485 | R29: =IFERROR(IF($K$2=$T$16,_xll.BInterpol(FUT!$F$7:$F$28, FUT!$E$7:$E$28, Q29, "Cubic","Skip=True"),_xll.BInterpol($P$7:$P$48, $M$7:$M$48, Q29, "Cubic","Skip=True"))*1,"") -> 8.7164542
B30: ODJ29 Comdty | C30: 45M | D30: 13.409 | E30: 933 | F30: 47206 | G30: =IFERROR(_xll.BCOUNTPERIODS($C$3,F30,"CDR=BZ")*1,"") -> 945 | H30: =_xlfn.IFS(IPCA!$O$7=DATA!$T$26,PERIODS!C27,IPCA!$O$7=DATA!$T$27,PERIODS!E27,IPCA!$O$7=DATA!$T$28,PERIODS!G27) -> 508 | I30: =IFERROR(_xll.BInterpol($G$7:$G$45, $D$7:$D$45, H30, "Cubic","Skip=True")*1,"") -> 13.872 | P30: =IFERROR(_xll.BCOUNTPERIODS($L$3,O30,"CDR=BZ")*1,"") | Q30: =_xlfn.IFS(IPCA!$O$7=DATA!$T$26,PERIODS!C27,IPCA!$O$7=DATA!$T$27,PERIODS!E27,IPCA!$O$7=DATA!$T$28,PERIODS!G27) -> 508 | R30: =IFERROR(IF($K$2=$T$16,_xll.BInterpol(FUT!$F$7:$F$28, FUT!$E$7:$E$28, Q30, "Cubic","Skip=True"),_xll.BInterpol($P$7:$P$48, $M$7:$M$48, Q30, "Cubic","Skip=True"))*1,"") -> 8.5934877
B31: ODN29 Comdty | C31: 4Y | D31: 13.433 | E31: 1008 | F31: 47298 | G31: =IFERROR(_xll.BCOUNTPERIODS($C$3,F31,"CDR=BZ")*1,"") -> 1008 | H31: =_xlfn.IFS(IPCA!$O$7=DATA!$T$26,PERIODS!C28,IPCA!$O$7=DATA!$T$27,PERIODS!E28,IPCA!$O$7=DATA!$T$28,PERIODS!G28) -> 530 | I31: =IFERROR(_xll.BInterpol($G$7:$G$45, $D$7:$D$45, H31, "Cubic","Skip=True")*1,"") -> 13.812354 | P31: =IFERROR(_xll.BCOUNTPERIODS($L$3,O31,"CDR=BZ")*1,"") | Q31: =_xlfn.IFS(IPCA!$O$7=DATA!$T$26,PERIODS!C28,IPCA!$O$7=DATA!$T$27,PERIODS!E28,IPCA!$O$7=DATA!$T$28,PERIODS!G28) -> 530 | R31: =IFERROR(IF($K$2=$T$16,_xll.BInterpol(FUT!$F$7:$F$28, FUT!$E$7:$E$28, Q31, "Cubic","Skip=True"),_xll.BInterpol($P$7:$P$48, $M$7:$M$48, Q31, "Cubic","Skip=True"))*1,"") -> 8.4931214
B32: ODV29 Comdty | C32: 51M | D32: 13.44 | E32: 1057 | F32: 47389 | G32: =IFERROR(_xll.BCOUNTPERIODS($C$3,F32,"CDR=BZ")*1,"") -> 1072 | H32: =_xlfn.IFS(IPCA!$O$7=DATA!$T$26,PERIODS!C29,IPCA!$O$7=DATA!$T$27,PERIODS!E29,IPCA!$O$7=DATA!$T$28,PERIODS!G29) -> 551 | I32: =IFERROR(_xll.BInterpol($G$7:$G$45, $D$7:$D$45, H32, "Cubic","Skip=True")*1,"") -> 13.761009 | P32: =IFERROR(_xll.BCOUNTPERIODS($L$3,O32,"CDR=BZ")*1,"") | Q32: =_xlfn.IFS(IPCA!$O$7=DATA!$T$26,PERIODS!C29,IPCA!$O$7=DATA!$T$27,PERIODS!E29,IPCA!$O$7=DATA!$T$28,PERIODS!G29) -> 551 | R32: =IFERROR(IF($K$2=$T$16,_xll.BInterpol(FUT!$F$7:$F$28, FUT!$E$7:$E$28, Q32, "Cubic","Skip=True"),_xll.BInterpol($P$7:$P$48, $M$7:$M$48, Q32, "Cubic","Skip=True"))*1,"") -> 8.4114867
B33: ODF30 Comdty | C33: 54M | D33: 13.459 | E33: 1119 | F33: 47480 | G33: =IFERROR(_xll.BCOUNTPERIODS($C$3,F33,"CDR=BZ")*1,"") -> 1132 | H33: =_xlfn.IFS(IPCA!$O$7=DATA!$T$26,PERIODS!C30,IPCA!$O$7=DATA!$T$27,PERIODS!E30,IPCA!$O$7=DATA!$T$28,PERIODS!G30) -> 573 | I33: =IFERROR(_xll.BInterpol($G$7:$G$45, $D$7:$D$45, H33, "Cubic","Skip=True")*1,"") -> 13.708 | P33: =IFERROR(_xll.BCOUNTPERIODS($L$3,O33,"CDR=BZ")*1,"") | Q33: =_xlfn.IFS(IPCA!$O$7=DATA!$T$26,PERIODS!C30,IPCA!$O$7=DATA!$T$27,PERIODS!E30,IPCA!$O$7=DATA!$T$28,PERIODS!G30) -> 573 | R33: =IFERROR(IF($K$2=$T$16,_xll.BInterpol(FUT!$F$7:$F$28, FUT!$E$7:$E$28, Q33, "Cubic","Skip=True"),_xll.BInterpol($P$7:$P$48, $M$7:$M$48, Q33, "Cubic","Skip=True"))*1,"") -> 8.3391908 | T33: Annualized
B34: ODJ30 Comdty | C34: 57M | D34: 13.474 | E34: 1181 | F34: 47571 | G34: =IFERROR(_xll.BCOUNTPERIODS($C$3,F34,"CDR=BZ")*1,"") -> 1194 | H34: =_xlfn.IFS(IPCA!$O$7=DATA!$T$26,PERIODS!C31,IPCA!$O$7=DATA!$T$27,PERIODS!E31,IPCA!$O$7=DATA!$T$28,PERIODS!G31) -> 593 | I34: =IFERROR(_xll.BInterpol($G$7:$G$45, $D$7:$D$45, H34, "Cubic","Skip=True")*1,"") -> 13.657486 | P34: =IFERROR(_xll.BCOUNTPERIODS($L$3,O34,"CDR=BZ")*1,"") | Q34: =_xlfn.IFS(IPCA!$O$7=DATA!$T$26,PERIODS!C31,IPCA!$O$7=DATA!$T$27,PERIODS!E31,IPCA!$O$7=DATA!$T$28,PERIODS!G31) -> 593 | R34: =IFERROR(IF($K$2=$T$16,_xll.BInterpol(FUT!$F$7:$F$28, FUT!$E$7:$E$28, Q34, "Cubic","Skip=True"),_xll.BInterpol($P$7:$P$48, $M$7:$M$48, Q34, "Cubic","Skip=True"))*1,"") -> 8.2838191 | T34: Cumulative
B35: ODN30 Comdty | C35: 5Y | D35: 13.495 | E35: 1260 | F35: 47662 | G35: =IFERROR(_xll.BCOUNTPERIODS($C$3,F35,"CDR=BZ")*1,"") -> 1256 | H35: =_xlfn.IFS(IPCA!$O$7=DATA!$T$26,PERIODS!C32,IPCA!$O$7=DATA!$T$27,PERIODS!E32,IPCA!$O$7=DATA!$T$28,PERIODS!G32) -> 613 | I35: =IFERROR(_xll.BInterpol($G$7:$G$45, $D$7:$D$45, H35, "Cubic","Skip=True")*1,"") -> 13.60748 | P35: =IFERROR(_xll.BCOUNTPERIODS($L$3,O35,"CDR=BZ")*1,"") | Q35: =_xlfn.IFS(IPCA!$O$7=DATA!$T$26,PERIODS!C32,IPCA!$O$7=DATA!$T$27,PERIODS!E32,IPCA!$O$7=DATA!$T$28,PERIODS!G32) -> 613 | R35: =IFERROR(IF($K$2=$T$16,_xll.BInterpol(FUT!$F$7:$F$28, FUT!$E$7:$E$28, Q35, "Cubic","Skip=True"),_xll.BInterpol($P$7:$P$48, $M$7:$M$48, Q35, "Cubic","Skip=True"))*1,"") -> 8.2370012
B36: ODF31 Comdty | C36: 66M | D36: 13.53 | E36: 1368 | F36: 47847 | G36: =IFERROR(_xll.BCOUNTPERIODS($C$3,F36,"CDR=BZ")*1,"") -> 1384 | H36: =_xlfn.IFS(IPCA!$O$7=DATA!$T$26,PERIODS!C33,IPCA!$O$7=DATA!$T$27,PERIODS!E33,IPCA!$O$7=DATA!$T$28,PERIODS!G33) -> 635 | I36: =IFERROR(_xll.BInterpol($G$7:$G$45, $D$7:$D$45, H36, "Cubic","Skip=True")*1,"") -> 13.558 | P36: =IFERROR(_xll.BCOUNTPERIODS($L$3,O36,"CDR=BZ")*1,"") | Q36: =_xlfn.IFS(IPCA!$O$7=DATA!$T$26,PERIODS!C33,IPCA!$O$7=DATA!$T$27,PERIODS!E33,IPCA!$O$7=DATA!$T$28,PERIODS!G33) -> 635 | R36: =IFERROR(IF($K$2=$T$16,_xll.BInterpol(FUT!$F$7:$F$28, FUT!$E$7:$E$28, Q36, "Cubic","Skip=True"),_xll.BInterpol($P$7:$P$48, $M$7:$M$48, Q36, "Cubic","Skip=True"))*1,"") -> 8.1938738
B37: ODF32 Comdty | C37: 78M | D37: 13.596 | E37: 1616 | F37: 48212 | G37: =IFERROR(_xll.BCOUNTPERIODS($C$3,F37,"CDR=BZ")*1,"") -> 1636 | H37: =_xlfn.IFS(IPCA!$O$7=DATA!$T$26,PERIODS!C34,IPCA!$O$7=DATA!$T$27,PERIODS!E34,IPCA!$O$7=DATA!$T$28,PERIODS!G34) -> 656 | I37: =IFERROR(_xll.BInterpol($G$7:$G$45, $D$7:$D$45, H37, "Cubic","Skip=True")*1,"") -> 13.519971 | P37: =IFERROR(_xll.BCOUNTPERIODS($L$3,O37,"CDR=BZ")*1,"") | Q37: =_xlfn.IFS(IPCA!$O$7=DATA!$T$26,PERIODS!C34,IPCA!$O$7=DATA!$T$27,PERIODS!E34,IPCA!$O$7=DATA!$T$28,PERIODS!G34) -> 656 | R37: =IFERROR(IF($K$2=$T$16,_xll.BInterpol(FUT!$F$7:$F$28, FUT!$E$7:$E$28, Q37, "Cubic","Skip=True"),_xll.BInterpol($P$7:$P$48, $M$7:$M$48, Q37, "Cubic","Skip=True"))*1,"") -> 8.1593919
B38: ODF33 Comdty | C38: 90M | D38: 13.608 | E38: 1865 | F38: 48578 | G38: =IFERROR(_xll.BCOUNTPERIODS($C$3,F38,"CDR=BZ")*1,"") -> 1888 | H38: =_xlfn.IFS(IPCA!$O$7=DATA!$T$26,PERIODS!C35,IPCA!$O$7=DATA!$T$27,PERIODS!E35,IPCA!$O$7=DATA!$T$28,PERIODS!G35) -> 676 | I38: =IFERROR(_xll.BInterpol($G$7:$G$45, $D$7:$D$45, H38, "Cubic","Skip=True")*1,"") -> 13.491499 | P38: =IFERROR(_xll.BCOUNTPERIODS($L$3,O38,"CDR=BZ")*1,"") | Q38: =_xlfn.IFS(IPCA!$O$7=DATA!$T$26,PERIODS!C35,IPCA!$O$7=DATA!$T$27,PERIODS!E35,IPCA!$O$7=DATA!$T$28,PERIODS!G35) -> 676 | R38: =IFERROR(IF($K$2=$T$16,_xll.BInterpol(FUT!$F$7:$F$28, FUT!$E$7:$E$28, Q38, "Cubic","Skip=True"),_xll.BInterpol($P$7:$P$48, $M$7:$M$48, Q38, "Cubic","Skip=True"))*1,"") -> 8.1312634
B39: ODF34 Comdty | C39: 8Y | D39: 13.587 | E39: 2016 | F39: 48942 | G39: =IFERROR(_xll.BCOUNTPERIODS($C$3,F39,"CDR=BZ")*1,"") -> 2139 | H39: =_xlfn.IFS(IPCA!$O$7=DATA!$T$26,PERIODS!C36,IPCA!$O$7=DATA!$T$27,PERIODS!E36,IPCA!$O$7=DATA!$T$28,PERIODS!G36) -> 698 | I39: =IFERROR(_xll.BInterpol($G$7:$G$45, $D$7:$D$45, H39, "Cubic","Skip=True")*1,"") -> 13.466978 | P39: =IFERROR(_xll.BCOUNTPERIODS($L$3,O39,"CDR=BZ")*1,"") | Q39: =_xlfn.IFS(IPCA!$O$7=DATA!$T$26,PERIODS!C36,IPCA!$O$7=DATA!$T$27,PERIODS!E36,IPCA!$O$7=DATA!$T$28,PERIODS!G36) -> 698 | R39: =IFERROR(IF($K$2=$T$16,_xll.BInterpol(FUT!$F$7:$F$28, FUT!$E$7:$E$28, Q39, "Cubic","Skip=True"),_xll.BInterpol($P$7:$P$48, $M$7:$M$48, Q39, "Cubic","Skip=True"))*1,"") -> 8.1040993
B40: ODF35 Comdty | C40: 9Y | D40: 13.601 | E40: 2268 | F40: 49306 | G40: =IFERROR(_xll.BCOUNTPERIODS($C$3,F40,"CDR=BZ")*1,"") -> 2387 | H40: =_xlfn.IFS(IPCA!$O$7=DATA!$T$26,PERIODS!C37,IPCA!$O$7=DATA!$T$27,PERIODS!E37,IPCA!$O$7=DATA!$T$28,PERIODS!G37) -> 717 | I40: =IFERROR(_xll.BInterpol($G$7:$G$45, $D$7:$D$45, H40, "Cubic","Skip=True")*1,"") -> 13.450209 | P40: =IFERROR(_xll.BCOUNTPERIODS($L$3,O40,"CDR=BZ")*1,"") | Q40: =_xlfn.IFS(IPCA!$O$7=DATA!$T$26,PERIODS!C37,IPCA!$O$7=DATA!$T$27,PERIODS!E37,IPCA!$O$7=DATA!$T$28,PERIODS!G37) -> 717 | R40: =IFERROR(IF($K$2=$T$16,_xll.BInterpol(FUT!$F$7:$F$28, FUT!$E$7:$E$28, Q40, "Cubic","Skip=True"),_xll.BInterpol($P$7:$P$48, $M$7:$M$48, Q40, "Cubic","Skip=True"))*1,"") -> 8.0825735
B41: ODF36 Comdty | C41: 10Y | D41: 13.576 | E41: 2520 | F41: 49671 | G41: =IFERROR(_xll.BCOUNTPERIODS($C$3,F41,"CDR=BZ")*1,"") -> 2636 | H41: =_xlfn.IFS(IPCA!$O$7=DATA!$T$26,PERIODS!C38,IPCA!$O$7=DATA!$T$27,PERIODS!E38,IPCA!$O$7=DATA!$T$28,PERIODS!G38) -> 738 | I41: =IFERROR(_xll.BInterpol($G$7:$G$45, $D$7:$D$45, H41, "Cubic","Skip=True")*1,"") -> 13.436453 | P41: =IFERROR(_xll.BCOUNTPERIODS($L$3,O41,"CDR=BZ")*1,"") | Q41: =_xlfn.IFS(IPCA!$O$7=DATA!$T$26,PERIODS!C38,IPCA!$O$7=DATA!$T$27,PERIODS!E38,IPCA!$O$7=DATA!$T$28,PERIODS!G38) -> 738 | R41: =IFERROR(IF($K$2=$T$16,_xll.BInterpol(FUT!$F$7:$F$28, FUT!$E$7:$E$28, Q41, "Cubic","Skip=True"),_xll.BInterpol($P$7:$P$48, $M$7:$M$48, Q41, "Cubic","Skip=True"))*1,"") -> 8.0594973
B42: ODF37 Comdty | C42: 11Y | D42: 13.559 | E42: 2772 | F42: 50039 | G42: =IFERROR(_xll.BCOUNTPERIODS($C$3,F42,"CDR=BZ")*1,"") -> 2889 | H42: =_xlfn.IFS(IPCA!$O$7=DATA!$T$26,PERIODS!C39,IPCA!$O$7=DATA!$T$27,PERIODS!E39,IPCA!$O$7=DATA!$T$28,PERIODS!G39) -> 760 | I42: =IFERROR(_xll.BInterpol($G$7:$G$45, $D$7:$D$45, H42, "Cubic","Skip=True")*1,"") -> 13.428 | P42: =IFERROR(_xll.BCOUNTPERIODS($L$3,O42,"CDR=BZ")*1,"") | Q42: =_xlfn.IFS(IPCA!$O$7=DATA!$T$26,PERIODS!C39,IPCA!$O$7=DATA!$T$27,PERIODS!E39,IPCA!$O$7=DATA!$T$28,PERIODS!G39) -> 760 | R42: =IFERROR(IF($K$2=$T$16,_xll.BInterpol(FUT!$F$7:$F$28, FUT!$E$7:$E$28, Q42, "Cubic","Skip=True"),_xll.BInterpol($P$7:$P$48, $M$7:$M$48, Q42, "Cubic","Skip=True"))*1,"") -> 8.0345845
B43: ODF38 Comdty | C43: 12Y | D43: 13.515 | E43: 3024 | F43: 50404 | G43: =IFERROR(_xll.BCOUNTPERIODS($C$3,F43,"CDR=BZ")*1,"") -> 3138 | H43: =_xlfn.IFS(IPCA!$O$7=DATA!$T$26,PERIODS!C40,IPCA!$O$7=DATA!$T$27,PERIODS!E40,IPCA!$O$7=DATA!$T$28,PERIODS!G40) -> 780 | I43: =IFERROR(_xll.BInterpol($G$7:$G$45, $D$7:$D$45, H43, "Cubic","Skip=True")*1,"") -> 13.425551 | P43: =IFERROR(_xll.BCOUNTPERIODS($L$3,O43,"CDR=BZ")*1,"") | Q43: =_xlfn.IFS(IPCA!$O$7=DATA!$T$26,PERIODS!C40,IPCA!$O$7=DATA!$T$27,PERIODS!E40,IPCA!$O$7=DATA!$T$28,PERIODS!G40) -> 780 | R43: =IFERROR(IF($K$2=$T$16,_xll.BInterpol(FUT!$F$7:$F$28, FUT!$E$7:$E$28, Q43, "Cubic","Skip=True"),_xll.BInterpol($P$7:$P$48, $M$7:$M$48, Q43, "Cubic","Skip=True"))*1,"") -> 8.0098892
B44: ODF39 Comdty | C44: 13Y | D44: 13.462 | E44: 3276 | F44: 1058.7304 | G44: =IFERROR(_xll.BCOUNTPERIODS($C$3,F44,"CDR=BZ")*1,"") | H44: =_xlfn.IFS(IPCA!$O$7=DATA!$T$26,PERIODS!C41,IPCA!$O$7=DATA!$T$27,PERIODS!E41,IPCA!$O$7=DATA!$T$28,PERIODS!G41) -> 803 | I44: =IFERROR(_xll.BInterpol($G$7:$G$45, $D$7:$D$45, H44, "Cubic","Skip=True")*1,"") -> 13.425724 | P44: =IFERROR(_xll.BCOUNTPERIODS($L$3,O44,"CDR=BZ")*1,"") | Q44: =_xlfn.IFS(IPCA!$O$7=DATA!$T$26,PERIODS!C41,IPCA!$O$7=DATA!$T$27,PERIODS!E41,IPCA!$O$7=DATA!$T$28,PERIODS!G41) -> 803 | R44: =IFERROR(IF($K$2=$T$16,_xll.BInterpol(FUT!$F$7:$F$28, FUT!$E$7:$E$28, Q44, "Cubic","Skip=True"),_xll.BInterpol($P$7:$P$48, $M$7:$M$48, Q44, "Cubic","Skip=True"))*1,"") -> 7.9774636
G45: =IFERROR(_xll.BCOUNTPERIODS($C$3,F45,"CDR=BZ")*1,"") | H45: =_xlfn.IFS(IPCA!$O$7=DATA!$T$26,PERIODS!C42,IPCA!$O$7=DATA!$T$27,PERIODS!E42,IPCA!$O$7=DATA!$T$28,PERIODS!G42) -> 824 | I45: =IFERROR(_xll.BInterpol($G$7:$G$45, $D$7:$D$45, H45, "Cubic","Skip=True")*1,"") -> 13.425 | P45: =IFERROR(_xll.BCOUNTPERIODS($L$3,O45,"CDR=BZ")*1,"") | Q45: =_xlfn.IFS(IPCA!$O$7=DATA!$T$26,PERIODS!C42,IPCA!$O$7=DATA!$T$27,PERIODS!E42,IPCA!$O$7=DATA!$T$28,PERIODS!G42) -> 824 | R45: =IFERROR(IF($K$2=$T$16,_xll.BInterpol(FUT!$F$7:$F$28, FUT!$E$7:$E$28, Q45, "Cubic","Skip=True"),_xll.BInterpol($P$7:$P$48, $M$7:$M$48, Q45, "Cubic","Skip=True"))*1,"") -> 7.9439071
G46: =IFERROR(_xll.BCOUNTPERIODS($C$3,F46,"CDR=BZ")*1,"") | H46: =_xlfn.IFS(IPCA!$O$7=DATA!$T$26,PERIODS!C43,IPCA!$O$7=DATA!$T$27,PERIODS!E43,IPCA!$O$7=DATA!$T$28,PERIODS!G43) -> 844 | I46: =IFERROR(_xll.BInterpol($G$7:$G$45, $D$7:$D$45, H46, "Cubic","Skip=True")*1,"") -> 13.421114 | P46: =IFERROR(_xll.BCOUNTPERIODS($L$3,O46,"CDR=BZ")*1,"") | Q46: =_xlfn.IFS(IPCA!$O$7=DATA!$T$26,PERIODS!C43,IPCA!$O$7=DATA!$T$27,PERIODS!E43,IPCA!$O$7=DATA!$T$28,PERIODS!G43) -> 844 | R46: =IFERROR(IF($K$2=$T$16,_xll.BInterpol(FUT!$F$7:$F$28, FUT!$E$7:$E$28, Q46, "Cubic","Skip=True"),_xll.BInterpol($P$7:$P$48, $M$7:$M$48, Q46, "Cubic","Skip=True"))*1,"") -> 7.9093271
G47: =IFERROR(_xll.BCOUNTPERIODS($C$3,F47,"CDR=BZ")*1,"") | H47: =_xlfn.IFS(IPCA!$O$7=DATA!$T$26,PERIODS!C44,IPCA!$O$7=DATA!$T$27,PERIODS!E44,IPCA!$O$7=DATA!$T$28,PERIODS!G44) -> 1008 | I47: =IFERROR(_xll.BInterpol($G$7:$G$45, $D$7:$D$45, H47, "Cubic","Skip=True")*1,"") -> 13.433 | P47: =IFERROR(_xll.BCOUNTPERIODS($L$3,O47,"CDR=BZ")*1,"") | Q47: =_xlfn.IFS(IPCA!$O$7=DATA!$T$26,PERIODS!C44,IPCA!$O$7=DATA!$T$27,PERIODS!E44,IPCA!$O$7=DATA!$T$28,PERIODS!G44) -> 1008 | R47: =IFERROR(IF($K$2=$T$16,_xll.BInterpol(FUT!$F$7:$F$28, FUT!$E$7:$E$28, Q47, "Cubic","Skip=True"),_xll.BInterpol($P$7:$P$48, $M$7:$M$48, Q47, "Cubic","Skip=True"))*1,"") -> 7.6383036
G48: =IFERROR(_xll.BCOUNTPERIODS($C$3,F48,"CDR=BZ")*1,"") | H48: =_xlfn.IFS(IPCA!$O$7=DATA!$T$26,PERIODS!C45,IPCA!$O$7=DATA!$T$27,PERIODS!E45,IPCA!$O$7=DATA!$T$28,PERIODS!G45) -> 1256 | I48: =IFERROR(_xll.BInterpol($G$7:$G$45, $D$7:$D$45, H48, "Cubic","Skip=True")*1,"") -> 13.495 | P48: =IFERROR(_xll.BCOUNTPERIODS($L$3,O48,"CDR=BZ")*1,"") | Q48: =_xlfn.IFS(IPCA!$O$7=DATA!$T$26,PERIODS!C45,IPCA!$O$7=DATA!$T$27,PERIODS!E45,IPCA!$O$7=DATA!$T$28,PERIODS!G45) -> 1256 | R48: =IFERROR(IF($K$2=$T$16,_xll.BInterpol(FUT!$F$7:$F$28, FUT!$E$7:$E$28, Q48, "Cubic","Skip=True"),_xll.BInterpol($P$7:$P$48, $M$7:$M$48, Q48, "Cubic","Skip=True"))*1,"") -> 7.5442559
B61: =IPCA!$G$7 -> YCSW0089 Index | K61: =IPCA!$G$9 -> WLA Index
B62: Curve Date: | C62: =$U$4 -> 45268 | K62: Curve Date: | L62: =$U$4 -> 45268
B63: ="get(ID().tenor as #tenor, curve_rate(side=Ask).value as #yield,Ceil(id().year_fraction*252) as #Point,MATURITY().value as #Maturity) for(curveMembers(['"&B61&"'])) with(dates="&_xll.BQL.DATE(C62)&")" -> get(ID().tenor as #tenor, curve_rate(side=Ask).value as #yield,Ceil(id().year_fraction*252) as #Point,MATURITY().value as #Maturity) for(curveMembers(['YCSW0089 Index'])) with(dates=2023-12-08)
B64: ="get(ID().tenor as #tenor, curve_rate(side=Ask).value as #yield,Ceil(id().year_fraction*252) as #Point,FUT_LAST_TRADE_DT AS #maturity) for(filter(curveMembers(['"&B61&"']),grouprank(FUT_LAST_TRADE_DT,order=asc)<=60)) with(dates="&_xll.BQL.DATE(C62)&")" -> get(ID().tenor as #tenor, curve_rate(side=Ask).value as #yield,Ceil(id().year_fraction*252) as #Point,FUT_LAST_TRADE_DT AS #maturity) for(filter(curveMembers(['YCSW0089 Index']),grouprank(FUT_LAST_TRADE_DT,order=asc)<=60)) with(dates=2023-12-08) | K64: ="get(ID().tenor as #tenor, curve_rate(side=Ask).value as #yield,Ceil(id().year_fraction*252) as #Point,MATURITY().value as #Maturity) for(curveMembers(['"&K61&"'])) with(dates="&_xll.BQL.DATE(L62)&")" -> get(ID().tenor as #tenor, curve_rate(side=Ask).value as #yield,Ceil(id().year_fraction*252) as #Point,MATURITY().value as #Maturity) for(curveMembers(['WLA Index'])) with(dates=2023-12-08)
B65: {=_xll.BQL.QUERY(_xlfn.IFS(B61=$T$9,B64,B61=$T$10,B63))} -> ID | C65: #tenor.TENOR | D65: #yield | E65: #Point | F65: #maturity | G65: BD | H65: Periods | I65: Interpol | K65: {=_xll.BQL.QUERY(K64)} -> #N/A Invalid Security: Unable to evaluate universe. Either the identifier is invalid or you do not have access to the data. Check inputs and try again. | P65: BD | Q65: Periods | R65: Interpol
B66: ODF24 Comdty | C66: 3W | D66: 11.785 | E66: 15 | F66: 45288 | G66: =IFERROR(_xll.BCOUNTPERIODS($C$62,F66,"CDR=BZ")*1,"") -> 13 | H66: =_xlfn.IFS(IPCA!$O$7=DATA!$T$26,PERIODS!L4,IPCA!$O$7=DATA!$T$27,PERIODS!N4,IPCA!$O$7=DATA!$T$28,PERIODS!P4) -> 36 | I66: =IFERROR(_xll.BInterpol($G$66:$G$107, $D$66:$D$107, H66, "Cubic","Skip=True")*1,"") -> 11.699 | P66: =IFERROR(_xll.BCOUNTPERIODS($L$62,O66,"CDR=BZ")*1,"") | Q66: =_xlfn.IFS(IPCA!$O$7=DATA!$T$26,PERIODS!L4,IPCA!$O$7=DATA!$T$27,PERIODS!N4,IPCA!$O$7=DATA!$T$28,PERIODS!P4) -> 36 | R66: =IFERROR(IF($K$61=$T$16,_xll.BInterpol(FUT!$L$7:$L$28, FUT!$K$7:$K$28, Q66, "Cubic","Skip=True"),_xll.BInterpol($P$66:$P$107, $M$66:$M$107, Q66, "Cubic","Skip=True"))*1,"") -> 6.7550594
B67: ODG24 Comdty | C67: 1M | D67: 11.699 | E67: 21 | F67: 45322 | G67: =IFERROR(_xll.BCOUNTPERIODS($C$62,F67,"CDR=BZ")*1,"") -> 36 | H67: =_xlfn.IFS(IPCA!$O$7=DATA!$T$26,PERIODS!L5,IPCA!$O$7=DATA!$T$27,PERIODS!N5,IPCA!$O$7=DATA!$T$28,PERIODS!P5) -> 55 | I67: =IFERROR(_xll.BInterpol($G$66:$G$107, $D$66:$D$107, H67, "Cubic","Skip=True")*1,"") -> 11.504 | P67: =IFERROR(_xll.BCOUNTPERIODS($L$62,O67,"CDR=BZ")*1,"") | Q67: =_xlfn.IFS(IPCA!$O$7=DATA!$T$26,PERIODS!L5,IPCA!$O$7=DATA!$T$27,PERIODS!N5,IPCA!$O$7=DATA!$T$28,PERIODS!P5) -> 55 | R67: =IFERROR(IF($K$61=$T$16,_xll.BInterpol(FUT!$L$7:$L$28, FUT!$K$7:$K$28, Q67, "Cubic","Skip=True"),_xll.BInterpol($P$66:$P$107, $M$66:$M$107, Q67, "Cubic","Skip=True"))*1,"") -> 6.257616
B68: ODH24 Comdty | C68: 2M | D68: 11.504 | E68: 42 | F68: 45351 | G68: =IFERROR(_xll.BCOUNTPERIODS($C$62,F68,"CDR=BZ")*1,"") -> 55 | H68: =_xlfn.IFS(IPCA!$O$7=DATA!$T$26,PERIODS!L6,IPCA!$O$7=DATA!$T$27,PERIODS!N6,IPCA!$O$7=DATA!$T$28,PERIODS!P6) -> 75 | I68: =IFERROR(_xll.BInterpol($G$66:$G$107, $D$66:$D$107, H68, "Cubic","Skip=True")*1,"") -> 11.374 | P68: =IFERROR(_xll.BCOUNTPERIODS($L$62,O68,"CDR=BZ")*1,"") | Q68: =_xlfn.IFS(IPCA!$O$7=DATA!$T$26,PERIODS!L6,IPCA!$O$7=DATA!$T$27,PERIODS!N6,IPCA!$O$7=DATA!$T$28,PERIODS!P6) -> 75 | R68: =IFERROR(IF($K$61=$T$16,_xll.BInterpol(FUT!$L$7:$L$28, FUT!$K$7:$K$28, Q68, "Cubic","Skip=True"),_xll.BInterpol($P$66:$P$107, $M$66:$M$107, Q68, "Cubic","Skip=True"))*1,"") -> 6.2195967
B69: ODJ24 Comdty | C69: 3M | D69: 11.374 | E69: 63 | F69: 45379 | G69: =IFERROR(_xll.BCOUNTPERIODS($C$62,F69,"CDR=BZ")*1,"") -> 75 | H69: =_xlfn.IFS(IPCA!$O$7=DATA!$T$26,PERIODS!L7,IPCA!$O$7=DATA!$T$27,PERIODS!N7,IPCA!$O$7=DATA!$T$28,PERIODS!P7) -> 97 | I69: =IFERROR(_xll.BInterpol($G$66:$G$107, $D$66:$D$107, H69, "Cubic","Skip=True")*1,"") -> 11.199 | P69: =IFERROR(_xll.BCOUNTPERIODS($L$62,O69,"CDR=BZ")*1,"") | Q69: =_xlfn.IFS(IPCA!$O$7=DATA!$T$26,PERIODS!L7,IPCA!$O$7=DATA!$T$27,PERIODS!N7,IPCA!$O$7=DATA!$T$28,PERIODS!P7) -> 97 | R69: =IFERROR(IF($K$61=$T$16,_xll.BInterpol(FUT!$L$7:$L$28, FUT!$K$7:$K$28, Q69, "Cubic","Skip=True"),_xll.BInterpol($P$66:$P$107, $M$66:$M$107, Q69, "Cubic","Skip=True"))*1,"") -> 6.4582085
B70: ODK24 Comdty | C70: 4M | D70: 11.199 | E70: 83 | F70: 45412 | G70: =IFERROR(_xll.BCOUNTPERIODS($C$62,F70,"CDR=BZ")*1,"") -> 97 | H70: =_xlfn.IFS(IPCA!$O$7=DATA!$T$26,PERIODS!L8,IPCA!$O$7=DATA!$T$27,PERIODS!N8,IPCA!$O$7=DATA!$T$28,PERIODS!P8) -> 118 | I70: =IFERROR(_xll.BInterpol($G$66:$G$107, $D$66:$D$107, H70, "Cubic","Skip=True")*1,"") -> 11.045 | P70: =IFERROR(_xll.BCOUNTPERIODS($L$62,O70,"CDR=BZ")*1,"") | Q70: =_xlfn.IFS(IPCA!$O$7=DATA!$T$26,PERIODS!L8,IPCA!$O$7=DATA!$T$27,PERIODS!N8,IPCA!$O$7=DATA!$T$28,PERIODS!P8) -> 118 | R70: =IFERROR(IF($K$61=$T$16,_xll.BInterpol(FUT!$L$7:$L$28, FUT!$K$7:$K$28, Q70, "Cubic","Skip=True"),_xll.BInterpol($P$66:$P$107, $M$66:$M$107, Q70, "Cubic","Skip=True"))*1,"") -> 6.5053035
B71: ODM24 Comdty | C71: 5M | D71: 11.045 | E71: 104 | F71: 45443 | G71: =IFERROR(_xll.BCOUNTPERIODS($C$62,F71,"CDR=BZ")*1,"") -> 118 | H71: =_xlfn.IFS(IPCA!$O$7=DATA!$T$26,PERIODS!L9,IPCA!$O$7=DATA!$T$27,PERIODS!N9,IPCA!$O$7=DATA!$T$28,PERIODS!P9) -> 138 | I71: =IFERROR(_xll.BInterpol($G$66:$G$107, $D$66:$D$107, H71, "Cubic","Skip=True")*1,"") -> 10.91 | P71: =IFERROR(_xll.BCOUNTPERIODS($L$62,O71,"CDR=BZ")*1,"") | Q71: =_xlfn.IFS(IPCA!$O$7=DATA!$T$26,PERIODS!L9,IPCA!$O$7=DATA!$T$27,PERIODS!N9,IPCA!$O$7=DATA!$T$28,PERIODS!P9) -> 138 | R71: =IFERROR(IF($K$61=$T$16,_xll.BInterpol(FUT!$L$7:$L$28, FUT!$K$7:$K$28, Q71, "Cubic","Skip=True"),_xll.BInterpol($P$66:$P$107, $M$66:$M$107, Q71, "Cubic","Skip=True"))*1,"") -> 6.6082678
B72: ODN24 Comdty | C72: 6M | D72: 10.91 | E72: 125 | F72: 45471 | G72: =IFERROR(_xll.BCOUNTPERIODS($C$62,F72,"CDR=BZ")*1,"") -> 138 | H72: =_xlfn.IFS(IPCA!$O$7=DATA!$T$26,PERIODS!L10,IPCA!$O$7=DATA!$T$27,PERIODS!N10,IPCA!$O$7=DATA!$T$28,PERIODS!P10) -> 161 | I72: =IFERROR(_xll.BInterpol($G$66:$G$107, $D$66:$D$107, H72, "Cubic","Skip=True")*1,"") -> 10.769 | P72: =IFERROR(_xll.BCOUNTPERIODS($L$62,O72,"CDR=BZ")*1,"") | Q72: =_xlfn.IFS(IPCA!$O$7=DATA!$T$26,PERIODS!L10,IPCA!$O$7=DATA!$T$27,PERIODS!N10,IPCA!$O$7=DATA!$T$28,PERIODS!P10) -> 161 | R72: =IFERROR(IF($K$61=$T$16,_xll.BInterpol(FUT!$L$7:$L$28, FUT!$K$7:$K$28, Q72, "Cubic","Skip=True"),_xll.BInterpol($P$66:$P$107, $M$66:$M$107, Q72, "Cubic","Skip=True"))*1,"") -> 6.7093396
B73: ODQ24 Comdty | C73: 7M | D73: 10.769 | E73: 145 | F73: 45504 | G73: =IFERROR(_xll.BCOUNTPERIODS($C$62,F73,"CDR=BZ")*1,"") -> 161 | H73: =_xlfn.IFS(IPCA!$O$7=DATA!$T$26,PERIODS!L11,IPCA!$O$7=DATA!$T$27,PERIODS!N11,IPCA!$O$7=DATA!$T$28,PERIODS!P11) -> 183 | I73: =IFERROR(_xll.BInterpol($G$66:$G$107, $D$66:$D$107, H73, "Cubic","Skip=True")*1,"") -> 10.665 | P73: =IFERROR(_xll.BCOUNTPERIODS($L$62,O73,"CDR=BZ")*1,"") | Q73: =_xlfn.IFS(IPCA!$O$7=DATA!$T$26,PERIODS!L11,IPCA!$O$7=DATA!$T$27,PERIODS!N11,IPCA!$O$7=DATA!$T$28,PERIODS!P11) -> 183 | R73: =IFERROR(IF($K$61=$T$16,_xll.BInterpol(FUT!$L$7:$L$28, FUT!$K$7:$K$28, Q73, "Cubic","Skip=True"),_xll.BInterpol($P$66:$P$107, $M$66:$M$107, Q73, "Cubic","Skip=True"))*1,"") -> 6.6917199
B74: ODU24 Comdty | C74: 8M | D74: 10.665 | E74: 166 | F74: 45534 | G74: =IFERROR(_xll.BCOUNTPERIODS($C$62,F74,"CDR=BZ")*1,"") -> 183 | H74: =_xlfn.IFS(IPCA!$O$7=DATA!$T$26,PERIODS!L12,IPCA!$O$7=DATA!$T$27,PERIODS!N12,IPCA!$O$7=DATA!$T$28,PERIODS!P12) -> 204 | I74: =IFERROR(_xll.BInterpol($G$66:$G$107, $D$66:$D$107, H74, "Cubic","Skip=True")*1,"") -> 10.574 | P74: =IFERROR(_xll.BCOUNTPERIODS($L$62,O74,"CDR=BZ")*1,"") | Q74: =_xlfn.IFS(IPCA!$O$7=DATA!$T$26,PERIODS!L12,IPCA!$O$7=DATA!$T$27,PERIODS!N12,IPCA!$O$7=DATA!$T$28,PERIODS!P12) -> 204 | R74: =IFERROR(IF($K$61=$T$16,_xll.BInterpol(FUT!$L$7:$L$28, FUT!$K$7:$K$28, Q74, "Cubic","Skip=True"),_xll.BInterpol($P$66:$P$107, $M$66:$M$107, Q74, "Cubic","Skip=True"))*1,"") -> 6.5528459
B75: ODV24 Comdty | C75: 9M | D75: 10.574 | E75: 187 | F75: 45565 | G75: =IFERROR(_xll.BCOUNTPERIODS($C$62,F75,"CDR=BZ")*1,"") -> 204 | H75: =_xlfn.IFS(IPCA!$O$7=DATA!$T$26,PERIODS!L13,IPCA!$O$7=DATA!$T$27,PERIODS!N13,IPCA!$O$7=DATA!$T$28,PERIODS!P13) -> 227 | I75: =IFERROR(_xll.BInterpol($G$66:$G$107, $D$66:$D$107, H75, "Cubic","Skip=True")*1,"") -> 10.487 | P75: =IFERROR(_xll.BCOUNTPERIODS($L$62,O75,"CDR=BZ")*1,"") | Q75: =_xlfn.IFS(IPCA!$O$7=DATA!$T$26,PERIODS!L13,IPCA!$O$7=DATA!$T$27,PERIODS!N13,IPCA!$O$7=DATA!$T$28,PERIODS!P13) -> 227 | R75: =IFERROR(IF($K$61=$T$16,_xll.BInterpol(FUT!$L$7:$L$28, FUT!$K$7:$K$28, Q75, "Cubic","Skip=True"),_xll.BInterpol($P$66:$P$107, $M$66:$M$107, Q75, "Cubic","Skip=True"))*1,"") -> 6.3199466
B76: ODX24 Comdty | C76: 10M | D76: 10.487 | E76: 208 | F76: 45596 | G76: =IFERROR(_xll.BCOUNTPERIODS($C$62,F76,"CDR=BZ")*1,"") -> 227 | H76: =_xlfn.IFS(IPCA!$O$7=DATA!$T$26,PERIODS!L14,IPCA!$O$7=DATA!$T$27,PERIODS!N14,IPCA!$O$7=DATA!$T$28,PERIODS!P14) -> 246 | I76: =IFERROR(_xll.BInterpol($G$66:$G$107, $D$66:$D$107, H76, "Cubic","Skip=True")*1,"") -> 10.42 | P76: =IFERROR(_xll.BCOUNTPERIODS($L$62,O76,"CDR=BZ")*1,"") | Q76: =_xlfn.IFS(IPCA!$O$7=DATA!$T$26,PERIODS!L14,IPCA!$O$7=DATA!$T$27,PERIODS!N14,IPCA!$O$7=DATA!$T$28,PERIODS!P14) -> 246 | R76: =IFERROR(IF($K$61=$T$16,_xll.BInterpol(FUT!$L$7:$L$28, FUT!$K$7:$K$28, Q76, "Cubic","Skip=True"),_xll.BInterpol($P$66:$P$107, $M$66:$M$107, Q76, "Cubic","Skip=True"))*1,"") -> 6.1079534
B77: ODZ24 Comdty | C77: 1Y | D77: 10.42 | E77: 252 | F77: 45625 | G77: =IFERROR(_xll.BCOUNTPERIODS($C$62,F77,"CDR=BZ")*1,"") -> 246 | H77: =_xlfn.IFS(IPCA!$O$7=DATA!$T$26,PERIODS!L15,IPCA!$O$7=DATA!$T$27,PERIODS!N15,IPCA!$O$7=DATA!$T$28,PERIODS!P15) -> 267 | I77: =IFERROR(_xll.BInterpol($G$66:$G$107, $D$66:$D$107, H77, "Cubic","Skip=True")*1,"") -> 10.356591 | P77: =IFERROR(_xll.BCOUNTPERIODS($L$62,O77,"CDR=BZ")*1,"") | Q77: =_xlfn.IFS(IPCA!$O$7=DATA!$T$26,PERIODS!L15,IPCA!$O$7=DATA!$T$27,PERIODS!N15,IPCA!$O$7=DATA!$T$28,PERIODS!P15) -> 267 | R77: =IFERROR(IF($K$61=$T$16,_xll.BInterpol(FUT!$L$7:$L$28, FUT!$K$7:$K$28, Q77, "Cubic","Skip=True"),_xll.BInterpol($P$66:$P$107, $M$66:$M$107, Q77, "Cubic","Skip=True"))*1,"") -> 5.8994528
... B102: ODF38 Comdty | C102: 14Y | D102: 10.926 | E102: 3528 | F102: 50404 | G102: =IFERROR(_xll.BCOUNTPERIODS($C$62,F102,"CDR=BZ")*1,"") -> 3521 | H102: =_xlfn.IFS(IPCA!$O$7=DATA!$T$26,PERIODS!L40,IPCA!$O$7=DATA!$T$27,PERIODS!N40,IPCA!$O$7=DATA!$T$28,PERIODS!P40) -> 788 | I102: =IFERROR(_xll.BInterpol($G$66:$G$107, $D$66:$D$107, H102, "Cubic","Skip=True")*1,"") -> 10.128229 | P102: =IFERROR(_xll.BCOUNTPERIODS($L$62,O102,"CDR=BZ")*1,"") | Q102: =_xlfn.IFS(IPCA!$O$7=DATA!$T$26,PERIODS!L40,IPCA!$O$7=DATA!$T$27,PERIODS!N40,IPCA!$O$7=DATA!$T$28,PERIODS!P40) -> 788 | R102: =IFERROR(IF($K$61=$T$16,_xll.BInterpol(FUT!$L$7:$L$28, FUT!$K$7:$K$28, Q102, "Cubic","Skip=True"),_xll.BInterpol($P$66:$P$107, $M$66:$M$107, Q102, "Cubic","Skip=True"))*1,"") -> 5.75
G103: =IFERROR(_xll.BCOUNTPERIODS($C$62,F103,"CDR=BZ")*1,"") | H103: =_xlfn.IFS(IPCA!$O$7=DATA!$T$26,PERIODS!L41,IPCA!$O$7=DATA!$T$27,PERIODS!N41,IPCA!$O$7=DATA!$T$28,PERIODS!P41) -> 806 | I103: =IFERROR(_xll.BInterpol($G$66:$G$107, $D$66:$D$107, H103, "Cubic","Skip=True")*1,"") -> 10.151127 | P103: =IFERROR(_xll.BCOUNTPERIODS($L$62,O103,"CDR=BZ")*1,"") | Q103: =_xlfn.IFS(IPCA!$O$7=DATA!$T$26,PERIODS!L41,IPCA!$O$7=DATA!$T$27,PERIODS!N41,IPCA!$O$7=DATA!$T$28,PERIODS!P41) -> 806 | R103: =IFERROR(IF($K$61=$T$16,_xll.BInterpol(FUT!$L$7:$L$28, FUT!$K$7:$K$28, Q103, "Cubic","Skip=True"),_xll.BInterpol($P$66:$P$107, $M$66:$M$107, Q103, "Cubic","Skip=True"))*1,"") -> 5.75
G104: =IFERROR(_xll.BCOUNTPERIODS($C$62,F104,"CDR=BZ")*1,"") | H104: =_xlfn.IFS(IPCA!$O$7=DATA!$T$26,PERIODS!L42,IPCA!$O$7=DATA!$T$27,PERIODS!N42,IPCA!$O$7=DATA!$T$28,PERIODS!P42) -> 828 | I104: =IFERROR(_xll.BInterpol($G$66:$G$107, $D$66:$D$107, H104, "Cubic","Skip=True")*1,"") -> 10.181 | P104: =IFERROR(_xll.BCOUNTPERIODS($L$62,O104,"CDR=BZ")*1,"") | Q104: =_xlfn.IFS(IPCA!$O$7=DATA!$T$26,PERIODS!L42,IPCA!$O$7=DATA!$T$27,PERIODS!N42,IPCA!$O$7=DATA!$T$28,PERIODS!P42) -> 828 | R104: =IFERROR(IF($K$61=$T$16,_xll.BInterpol(FUT!$L$7:$L$28, FUT!$K$7:$K$28, Q104, "Cubic","Skip=True"),_xll.BInterpol($P$66:$P$107, $M$66:$M$107, Q104, "Cubic","Skip=True"))*1,"") -> 5.75
G105: =IFERROR(_xll.BCOUNTPERIODS($C$62,F105,"CDR=BZ")*1,"") | H105: =_xlfn.IFS(IPCA!$O$7=DATA!$T$26,PERIODS!L43,IPCA!$O$7=DATA!$T$27,PERIODS!N43,IPCA!$O$7=DATA!$T$28,PERIODS!P43) -> 849 | I105: =IFERROR(_xll.BInterpol($G$66:$G$107, $D$66:$D$107, H105, "Cubic","Skip=True")*1,"") -> 10.20644 | P105: =IFERROR(_xll.BCOUNTPERIODS($L$62,O105,"CDR=BZ")*1,"") | Q105: =_xlfn.IFS(IPCA!$O$7=DATA!$T$26,PERIODS!L43,IPCA!$O$7=DATA!$T$27,PERIODS!N43,IPCA!$O$7=DATA!$T$28,PERIODS!P43) -> 849 | R105: =IFERROR(IF($K$61=$T$16,_xll.BInterpol(FUT!$L$7:$L$28, FUT!$K$7:$K$28, Q105, "Cubic","Skip=True"),_xll.BInterpol($P$66:$P$107, $M$66:$M$107, Q105, "Cubic","Skip=True"))*1,"") -> 5.75
G106: =IFERROR(_xll.BCOUNTPERIODS($C$62,F106,"CDR=BZ")*1,"") | H106: =_xlfn.IFS(IPCA!$O$7=DATA!$T$26,PERIODS!L44,IPCA!$O$7=DATA!$T$27,PERIODS!N44,IPCA!$O$7=DATA!$T$28,PERIODS!P44) -> 1019 | I106: =IFERROR(_xll.BInterpol($G$66:$G$107, $D$66:$D$107, H106, "Cubic","Skip=True")*1,"") -> 10.368863 | P106: =IFERROR(_xll.BCOUNTPERIODS($L$62,O106,"CDR=BZ")*1,"") | Q106: =_xlfn.IFS(IPCA!$O$7=DATA!$T$26,PERIODS!L44,IPCA!$O$7=DATA!$T$27,PERIODS!N44,IPCA!$O$7=DATA!$T$28,PERIODS!P44) -> 1019 | R106: =IFERROR(IF($K$61=$T$16,_xll.BInterpol(FUT!$L$7:$L$28, FUT!$K$7:$K$28, Q106, "Cubic","Skip=True"),_xll.BInterpol($P$66:$P$107, $M$66:$M$107, Q106, "Cubic","Skip=True"))*1,"") -> 5.75
G107: =IFERROR(_xll.BCOUNTPERIODS($C$62,F107,"CDR=BZ")*1,"") | H107: =_xlfn.IFS(IPCA!$O$7=DATA!$T$26,PERIODS!L45,IPCA!$O$7=DATA!$T$27,PERIODS!N45,IPCA!$O$7=DATA!$T$28,PERIODS!P45) -> 1267 | I107: =IFERROR(_xll.BInterpol($G$66:$G$107, $D$66:$D$107, H107, "Cubic","Skip=True")*1,"") -> 10.542588 | P107: =IFERROR(_xll.BCOUNTPERIODS($L$62,O107,"CDR=BZ")*1,"") | Q107: =_xlfn.IFS(IPCA!$O$7=DATA!$T$26,PERIODS!L45,IPCA!$O$7=DATA!$T$27,PERIODS!N45,IPCA!$O$7=DATA!$T$28,PERIODS!P45) -> 1267 | R107: =IFERROR(IF($K$61=$T$16,_xll.BInterpol(FUT!$L$7:$L$28, FUT!$K$7:$K$28, Q107, "Cubic","Skip=True"),_xll.BInterpol($P$66:$P$107, $M$66:$M$107, Q107, "Cubic","Skip=True"))*1,"") -> 5.75
B121: =IPCA!$G$7 -> YCSW0089 Index | K121: =IPCA!$G$9 -> WLA Index
B122: Curve Date: | C122: =$U$5 -> 45084 | K122: Curve Date: | L122: =$U$5 -> 45084
B123: ="get(ID().tenor as #tenor, curve_rate(side=Ask).value as #yield,Ceil(id().year_fraction*252) as #Point,MATURITY().value as #Maturity) for(curveMembers(['"&B121&"'])) with(dates="&_xll.BQL.DATE(C122)&")" -> get(ID().tenor as #tenor, curve_rate(side=Ask).value as #yield,Ceil(id().year_fraction*252) as #Point,MATURITY().value as #Maturity) for(curveMembers(['YCSW0089 Index'])) with(dates=2023-06-07)
B124: ="get(ID().tenor as #tenor, curve_rate(side=Ask).value as #yield,Ceil(id().year_fraction*252) as #Point,FUT_LAST_TRADE_DT AS #maturity) for(filter(curveMembers(['"&B121&"']),grouprank(FUT_LAST_TRADE_DT,order=asc)<=60)) with(dates="&_xll.BQL.DATE(C122)&")" -> get(ID().tenor as #tenor, curve_rate(side=Ask).value as #yield,Ceil(id().year_fraction*252) as #Point,FUT_LAST_TRADE_DT AS #maturity) for(filter(curveMembers(['YCSW0089 Index']),grouprank(FUT_LAST_TRADE_DT,order=asc)<=60)) with(dates=2023-06-07) | K124: ="get(ID().tenor as #tenor, curve_rate(side=Ask).value as #yield,Ceil(id().year_fraction*252) as #Point,MATURITY().value as #Maturity) for(curveMembers(['"&K121&"'])) with(dates="&_xll.BQL.DATE(L122)&")" -> get(ID().tenor as #tenor, curve_rate(side=Ask).value as #yield,Ceil(id().year_fraction*252) as #Point,MATURITY().value as #Maturity) for(curveMembers(['WLA Index'])) with(dates=2023-06-07)
B125: {=_xll.BQL.QUERY(_xlfn.IFS(B121=$T$9,B124,B121=$T$10,B123))} -> ID | C125: #tenor.TENOR | D125: #yield | E125: #Point | F125: #maturity | G125: BD | H125: Periods | I125: Interpol | K125: {=_xll.BQL.QUERY(K124)} -> #N/A Invalid Security: Unable to evaluate universe. Either the identifier is invalid or you do not have access to the data. Check inputs and try again. | P125: BD | Q125: Periods | R125: Interpol
B126: ODN23 Comdty | C126: 3W | D126: 13.642 | E126: 15 | F126: 45107 | G126: =IFERROR(_xll.BCOUNTPERIODS($C$122,F126,"CDR=BZ")*1,"") -> 16 | H126: =_xlfn.IFS(IPCA!$O$7=DATA!$T$26,PERIODS!U4,IPCA!$O$7=DATA!$T$27,PERIODS!W4,IPCA!$O$7=DATA!$T$28,PERIODS!Y4) -> 36 | I126: =IFERROR(_xll.BInterpol($G$126:$G$167, $D$126:$D$167, H126, "Cubic","Skip=True")*1,"") -> 13.635495 | P126: =IFERROR(_xll.BCOUNTPERIODS($L$122,O126,"CDR=BZ")*1,"") | Q126: =_xlfn.IFS(IPCA!$O$7=DATA!$T$26,PERIODS!U4,IPCA!$O$7=DATA!$T$27,PERIODS!W4,IPCA!$O$7=DATA!$T$28,PERIODS!Y4) -> 36 | R126: =IFERROR(IF($K$61=$T$16,_xll.BInterpol(FUT!$R$7:$R$28, FUT!$Q$7:$Q$28, Q126, "Cubic","Skip=True"),_xll.BInterpol($P$126:$P$167, $M$126:$M$167, Q126, "Cubic","Skip=True"))*1,"") -> 12.28583
B127: ODQ23 Comdty | C127: 1M | D127: 13.634 | E127: 21 | F127: 45138 | G127: =IFERROR(_xll.BCOUNTPERIODS($C$122,F127,"CDR=BZ")*1,"") -> 37 | H127: =_xlfn.IFS(IPCA!$O$7=DATA!$T$26,PERIODS!U5,IPCA!$O$7=DATA!$T$27,PERIODS!W5,IPCA!$O$7=DATA!$T$28,PERIODS!Y5) -> 59 | I127: =IFERROR(_xll.BInterpol($G$126:$G$167, $D$126:$D$167, H127, "Cubic","Skip=True")*1,"") -> 13.568859 | P127: =IFERROR(_xll.BCOUNTPERIODS($L$122,O127,"CDR=BZ")*1,"") | Q127: =_xlfn.IFS(IPCA!$O$7=DATA!$T$26,PERIODS!U5,IPCA!$O$7=DATA!$T$27,PERIODS!W5,IPCA!$O$7=DATA!$T$28,PERIODS!Y5) -> 59 | R127: =IFERROR(IF($K$61=$T$16,_xll.BInterpol(FUT!$R$7:$R$28, FUT!$Q$7:$Q$28, Q127, "Cubic","Skip=True"),_xll.BInterpol($P$126:$P$167, $M$126:$M$167, Q127, "Cubic","Skip=True"))*1,"") -> 9.1070385
B128: ODU23 Comdty | C128: 2M | D128: 13.565 | E128: 42 | F128: 45169 | G128: =IFERROR(_xll.BCOUNTPERIODS($C$122,F128,"CDR=BZ")*1,"") -> 60 | H128: =_xlfn.IFS(IPCA!$O$7=DATA!$T$26,PERIODS!U6,IPCA!$O$7=DATA!$T$27,PERIODS!W6,IPCA!$O$7=DATA!$T$28,PERIODS!Y6) -> 80 | I128: =IFERROR(_xll.BInterpol($G$126:$G$167, $D$126:$D$167, H128, "Cubic","Skip=True")*1,"") -> 13.484 | P128: =IFERROR(_xll.BCOUNTPERIODS($L$122,O128,"CDR=BZ")*1,"") | Q128: =_xlfn.IFS(IPCA!$O$7=DATA!$T$26,PERIODS!U6,IPCA!$O$7=DATA!$T$27,PERIODS!W6,IPCA!$O$7=DATA!$T$28,PERIODS!Y6) -> 80 | R128: =IFERROR(IF($K$61=$T$16,_xll.BInterpol(FUT!$R$7:$R$28, FUT!$Q$7:$Q$28, Q128, "Cubic","Skip=True"),_xll.BInterpol($P$126:$P$167, $M$126:$M$167, Q128, "Cubic","Skip=True"))*1,"") -> 7.7554755
B129: ODV23 Comdty | C129: 3M | D129: 13.484 | E129: 63 | F129: 45198 | G129: =IFERROR(_xll.BCOUNTPERIODS($C$122,F129,"CDR=BZ")*1,"") -> 80 | H129: =_xlfn.IFS(IPCA!$O$7=DATA!$T$26,PERIODS!U7,IPCA!$O$7=DATA!$T$27,PERIODS!W7,IPCA!$O$7=DATA!$T$28,PERIODS!Y7) -> 100 | I129: =IFERROR(_xll.BInterpol($G$126:$G$167, $D$126:$D$167, H129, "Cubic","Skip=True")*1,"") -> 13.390864 | P129: =IFERROR(_xll.BCOUNTPERIODS($L$122,O129,"CDR=BZ")*1,"") | Q129: =_xlfn.IFS(IPCA!$O$7=DATA!$T$26,PERIODS!U7,IPCA!$O$7=DATA!$T$27,PERIODS!W7,IPCA!$O$7=DATA!$T$28,PERIODS!Y7) -> 100 | R129: =IFERROR(IF($K$61=$T$16,_xll.BInterpol(FUT!$R$7:$R$28, FUT!$Q$7:$Q$28, Q129, "Cubic","Skip=True"),_xll.BInterpol($P$126:$P$167, $M$126:$M$167, Q129, "Cubic","Skip=True"))*1,"") -> 7.5827876
B130: ODX23 Comdty | C130: 4M | D130: 13.385 | E130: 83 | F130: 45230 | G130: =IFERROR(_xll.BCOUNTPERIODS($C$122,F130,"CDR=BZ")*1,"") -> 101 | H130: =_xlfn.IFS(IPCA!$O$7=DATA!$T$26,PERIODS!U8,IPCA!$O$7=DATA!$T$27,PERIODS!W8,IPCA!$O$7=DATA!$T$28,PERIODS!Y8) -> 121 | I130: =IFERROR(_xll.BInterpol($G$126:$G$167, $D$126:$D$167, H130, "Cubic","Skip=True")*1,"") -> 13.242 | P130: =IFERROR(_xll.BCOUNTPERIODS($L$122,O130,"CDR=BZ")*1,"") | Q130: =_xlfn.IFS(IPCA!$O$7=DATA!$T$26,PERIODS!U8,IPCA!$O$7=DATA!$T$27,PERIODS!W8,IPCA!$O$7=DATA!$T$28,PERIODS!Y8) -> 121 | R130: =IFERROR(IF($K$61=$T$16,_xll.BInterpol(FUT!$R$7:$R$28, FUT!$Q$7:$Q$28, Q130, "Cubic","Skip=True"),_xll.BInterpol($P$126:$P$167, $M$126:$M$167, Q130, "Cubic","Skip=True"))*1,"") -> 8.1077529
B131: ODZ23 Comdty | C131: 5M | D131: 13.242 | E131: 104 | F131: 45260 | G131: =IFERROR(_xll.BCOUNTPERIODS($C$122,F131,"CDR=BZ")*1,"") -> 121 | H131: =_xlfn.IFS(IPCA!$O$7=DATA!$T$26,PERIODS!U9,IPCA!$O$7=DATA!$T$27,PERIODS!W9,IPCA!$O$7=DATA!$T$28,PERIODS!Y9) -> 141 | I131: =IFERROR(_xll.BInterpol($G$126:$G$167, $D$126:$D$167, H131, "Cubic","Skip=True")*1,"") -> 13.088494 | P131: =IFERROR(_xll.BCOUNTPERIODS($L$122,O131,"CDR=BZ")*1,"") | Q131: =_xlfn.IFS(IPCA!$O$7=DATA!$T$26,PERIODS!U9,IPCA!$O$7=DATA!$T$27,PERIODS!W9,IPCA!$O$7=DATA!$T$28,PERIODS!Y9) -> 141 | R131: =IFERROR(IF($K$61=$T$16,_xll.BInterpol(FUT!$R$7:$R$28, FUT!$Q$7:$Q$28, Q131, "Cubic","Skip=True"),_xll.BInterpol($P$126:$P$167, $M$126:$M$167, Q131, "Cubic","Skip=True"))*1,"") -> 8.8456414
B132: ODF24 Comdty | C132: 6M | D132: 13.096 | E132: 125 | F132: 45288 | G132: =IFERROR(_xll.BCOUNTPERIODS($C$122,F132,"CDR=BZ")*1,"") -> 140 | H132: =_xlfn.IFS(IPCA!$O$7=DATA!$T$26,PERIODS!U10,IPCA!$O$7=DATA!$T$27,PERIODS!W10,IPCA!$O$7=DATA!$T$28,PERIODS!Y10) -> 162 | I132: =IFERROR(_xll.BInterpol($G$126:$G$167, $D$126:$D$167, H132, "Cubic","Skip=True")*1,"") -> 12.931685 | P132: =IFERROR(_xll.BCOUNTPERIODS($L$122,O132,"CDR=BZ")*1,"") | Q132: =_xlfn.IFS(IPCA!$O$7=DATA!$T$26,PERIODS!U10,IPCA!$O$7=DATA!$T$27,PERIODS!W10,IPCA!$O$7=DATA!$T$28,PERIODS!Y10) -> 162 | R132: =IFERROR(IF($K$61=$T$16,_xll.BInterpol(FUT!$R$7:$R$28, FUT!$Q$7:$Q$28, Q132, "Cubic","Skip=True"),_xll.BInterpol($P$126:$P$167, $M$126:$M$167, Q132, "Cubic","Skip=True"))*1,"") -> 9.423746
B133: ODG24 Comdty | C133: 7M | D133: 12.924 | E133: 145 | F133: 45322 | G133: =IFERROR(_xll.BCOUNTPERIODS($C$122,F133,"CDR=BZ")*1,"") -> 163 | H133: =_xlfn.IFS(IPCA!$O$7=DATA!$T$26,PERIODS!U11,IPCA!$O$7=DATA!$T$27,PERIODS!W11,IPCA!$O$7=DATA!$T$28,PERIODS!Y11) -> 182 | I133: =IFERROR(_xll.BInterpol($G$126:$G$167, $D$126:$D$167, H133, "Cubic","Skip=True")*1,"") -> 12.771 | P133: =IFERROR(_xll.BCOUNTPERIODS($L$122,O133,"CDR=BZ")*1,"") | Q133: =_xlfn.IFS(IPCA!$O$7=DATA!$T$26,PERIODS!U11,IPCA!$O$7=DATA!$T$27,PERIODS!W11,IPCA!$O$7=DATA!$T$28,PERIODS!Y11) -> 182 | R133: =IFERROR(IF($K$61=$T$16,_xll.BInterpol(FUT!$R$7:$R$28, FUT!$Q$7:$Q$28, Q133, "Cubic","Skip=True"),_xll.BInterpol($P$126:$P$167, $M$126:$M$167, Q133, "Cubic","Skip=True"))*1,"") -> 9.6326028
B134: ODH24 Comdty | C134: 8M | D134: 12.771 | E134: 166 | F134: 45351 | G134: =IFERROR(_xll.BCOUNTPERIODS($C$122,F134,"CDR=BZ")*1,"") -> 182 | H134: =_xlfn.IFS(IPCA!$O$7=DATA!$T$26,PERIODS!U12,IPCA!$O$7=DATA!$T$27,PERIODS!W12,IPCA!$O$7=DATA!$T$28,PERIODS!Y12) -> 202 | I134: =IFERROR(_xll.BInterpol($G$126:$G$167, $D$126:$D$167, H134, "Cubic","Skip=True")*1,"") -> 12.602 | P134: =IFERROR(_xll.BCOUNTPERIODS($L$122,O134,"CDR=BZ")*1,"") | Q134: =_xlfn.IFS(IPCA!$O$7=DATA!$T$26,PERIODS!U12,IPCA!$O$7=DATA!$T$27,PERIODS!W12,IPCA!$O$7=DATA!$T$28,PERIODS!Y12) -> 202 | R134: =IFERROR(IF($K$61=$T$16,_xll.BInterpol(FUT!$R$7:$R$28, FUT!$Q$7:$Q$28, Q134, "Cubic","Skip=True"),_xll.BInterpol($P$126:$P$167, $M$126:$M$167, Q134, "Cubic","Skip=True"))*1,"") -> 9.5700988
B135: ODJ24 Comdty | C135: 9M | D135: 12.602 | E135: 187 | F135: 45379 | G135: =IFERROR(_xll.BCOUNTPERIODS($C$122,F135,"CDR=BZ")*1,"") -> 202 | H135: =_xlfn.IFS(IPCA!$O$7=DATA!$T$26,PERIODS!U13,IPCA!$O$7=DATA!$T$27,PERIODS!W13,IPCA!$O$7=DATA!$T$28,PERIODS!Y13) -> 224 | I135: =IFERROR(_xll.BInterpol($G$126:$G$167, $D$126:$D$167, H135, "Cubic","Skip=True")*1,"") -> 12.416 | P135: =IFERROR(_xll.BCOUNTPERIODS($L$122,O135,"CDR=BZ")*1,"") | Q135: =_xlfn.IFS(IPCA!$O$7=DATA!$T$26,PERIODS!U13,IPCA!$O$7=DATA!$T$27,PERIODS!W13,IPCA!$O$7=DATA!$T$28,PERIODS!Y13) -> 224 | R135: =IFERROR(IF($K$61=$T$16,_xll.BInterpol(FUT!$R$7:$R$28, FUT!$Q$7:$Q$28, Q135, "Cubic","Skip=True"),_xll.BInterpol($P$126:$P$167, $M$126:$M$167, Q135, "Cubic","Skip=True"))*1,"") -> 9.2687679
B136: ODK24 Comdty | C136: 11M | D136: 12.416 | E136: 228 | F136: 45412 | G136: =IFERROR(_xll.BCOUNTPERIODS($C$122,F136,"CDR=BZ")*1,"") -> 224 | H136: =_xlfn.IFS(IPCA!$O$7=DATA!$T$26,PERIODS!U14,IPCA!$O$7=DATA!$T$27,PERIODS!W14,IPCA!$O$7=DATA!$T$28,PERIODS!Y14) -> 244 | I136: =IFERROR(_xll.BInterpol($G$126:$G$167, $D$126:$D$167, H136, "Cubic","Skip=True")*1,"") -> 12.243511 | P136: =IFERROR(_xll.BCOUNTPERIODS($L$122,O136,"CDR=BZ")*1,"") | Q136: =_xlfn.IFS(IPCA!$O$7=DATA!$T$26,PERIODS!U14,IPCA!$O$7=DATA!$T$27,PERIODS!W14,IPCA!$O$7=DATA!$T$28,PERIODS!Y14) -> 244 | R136: =IFERROR(IF($K$61=$T$16,_xll.BInterpol(FUT!$R$7:$R$28, FUT!$Q$7:$Q$28, Q136, "Cubic","Skip=True"),_xll.BInterpol($P$126:$P$167, $M$126:$M$167, Q136, "Cubic","Skip=True"))*1,"") -> 8.8568929
B137: ODM24 Comdty | C137: 1Y | D137: 12.235 | E137: 252 | F137: 45443 | G137: =IFERROR(_xll.BCOUNTPERIODS($C$122,F137,"CDR=BZ")*1,"") -> 245 | H137: =_xlfn.IFS(IPCA!$O$7=DATA!$T$26,PERIODS!U15,IPCA!$O$7=DATA!$T$27,PERIODS!W15,IPCA!$O$7=DATA!$T$28,PERIODS!Y15) -> 265 | I137: =IFERROR(_xll.BInterpol($G$126:$G$167, $D$126:$D$167, H137, "Cubic","Skip=True")*1,"") -> 12.070528 | P137: =IFERROR(_xll.BCOUNTPERIODS($L$122,O137,"CDR=BZ")*1,"") | Q137: =_xlfn.IFS(IPCA!$O$7=DATA!$T$26,PERIODS!U15,IPCA!$O$7=DATA!$T$27,PERIODS!W15,IPCA!$O$7=DATA!$T$28,PERIODS!Y15) -> 265 | R137: =IFERROR(IF($K$61=$T$16,_xll.BInterpol(FUT!$R$7:$R$28, FUT!$Q$7:$Q$28, Q137, "Cubic","Skip=True"),_xll.BInterpol($P$126:$P$167, $M$126:$M$167, Q137, "Cubic","Skip=True"))*1,"") -> 8.3595856
... B162: ODF38 Comdty | C162: 14Y | D162: 11.383 | E162: 3528 | F162: 50404 | G162: =IFERROR(_xll.BCOUNTPERIODS($C$122,F162,"CDR=BZ")*1,"") -> 3648 | H162: =_xlfn.IFS(IPCA!$O$7=DATA!$T$26,PERIODS!U40,IPCA!$O$7=DATA!$T$27,PERIODS!W40,IPCA!$O$7=DATA!$T$28,PERIODS!Y40) -> 790 | I162: =IFERROR(_xll.BInterpol($G$126:$G$167, $D$126:$D$167, H162, "Cubic","Skip=True")*1,"") -> 10.621489 | P162: =IFERROR(_xll.BCOUNTPERIODS($L$122,O162,"CDR=BZ")*1,"") | Q162: =_xlfn.IFS(IPCA!$O$7=DATA!$T$26,PERIODS!U40,IPCA!$O$7=DATA!$T$27,PERIODS!W40,IPCA!$O$7=DATA!$T$28,PERIODS!Y40) -> 790 | R162: =IFERROR(IF($K$61=$T$16,_xll.BInterpol(FUT!$R$7:$R$28, FUT!$Q$7:$Q$28, Q162, "Cubic","Skip=True"),_xll.BInterpol($P$126:$P$167, $M$126:$M$167, Q162, "Cubic","Skip=True"))*1,"") -> 6.79
G163: =IFERROR(_xll.BCOUNTPERIODS($C$122,F163,"CDR=BZ")*1,"") | H163: =_xlfn.IFS(IPCA!$O$7=DATA!$T$26,PERIODS!U41,IPCA!$O$7=DATA!$T$27,PERIODS!W41,IPCA!$O$7=DATA!$T$28,PERIODS!Y41) -> 811 | I163: =IFERROR(_xll.BInterpol($G$126:$G$167, $D$126:$D$167, H163, "Cubic","Skip=True")*1,"") -> 10.633078 | P163: =IFERROR(_xll.BCOUNTPERIODS($L$122,O163,"CDR=BZ")*1,"") | Q163: =_xlfn.IFS(IPCA!$O$7=DATA!$T$26,PERIODS!U41,IPCA!$O$7=DATA!$T$27,PERIODS!W41,IPCA!$O$7=DATA!$T$28,PERIODS!Y41) -> 811 | R163: =IFERROR(IF($K$61=$T$16,_xll.BInterpol(FUT!$R$7:$R$28, FUT!$Q$7:$Q$28, Q163, "Cubic","Skip=True"),_xll.BInterpol($P$126:$P$167, $M$126:$M$167, Q163, "Cubic","Skip=True"))*1,"") -> 6.79
G164: =IFERROR(_xll.BCOUNTPERIODS($C$122,F164,"CDR=BZ")*1,"") | H164: =_xlfn.IFS(IPCA!$O$7=DATA!$T$26,PERIODS!U42,IPCA!$O$7=DATA!$T$27,PERIODS!W42,IPCA!$O$7=DATA!$T$28,PERIODS!Y42) -> 833 | I164: =IFERROR(_xll.BInterpol($G$126:$G$167, $D$126:$D$167, H164, "Cubic","Skip=True")*1,"") -> 10.642 | P164: =IFERROR(_xll.BCOUNTPERIODS($L$122,O164,"CDR=BZ")*1,"") | Q164: =_xlfn.IFS(IPCA!$O$7=DATA!$T$26,PERIODS!U42,IPCA!$O$7=DATA!$T$27,PERIODS!W42,IPCA!$O$7=DATA!$T$28,PERIODS!Y42) -> 833 | R164: =IFERROR(IF($K$61=$T$16,_xll.BInterpol(FUT!$R$7:$R$28, FUT!$Q$7:$Q$28, Q164, "Cubic","Skip=True"),_xll.BInterpol($P$126:$P$167, $M$126:$M$167, Q164, "Cubic","Skip=True"))*1,"") -> 6.79
G165: =IFERROR(_xll.BCOUNTPERIODS($C$122,F165,"CDR=BZ")*1,"") | H165: =_xlfn.IFS(IPCA!$O$7=DATA!$T$26,PERIODS!U43,IPCA!$O$7=DATA!$T$27,PERIODS!W43,IPCA!$O$7=DATA!$T$28,PERIODS!Y43) -> 854 | I165: =IFERROR(_xll.BInterpol($G$126:$G$167, $D$126:$D$167, H165, "Cubic","Skip=True")*1,"") -> 10.643164 | P165: =IFERROR(_xll.BCOUNTPERIODS($L$122,O165,"CDR=BZ")*1,"") | Q165: =_xlfn.IFS(IPCA!$O$7=DATA!$T$26,PERIODS!U43,IPCA!$O$7=DATA!$T$27,PERIODS!W43,IPCA!$O$7=DATA!$T$28,PERIODS!Y43) -> 854 | R165: =IFERROR(IF($K$61=$T$16,_xll.BInterpol(FUT!$R$7:$R$28, FUT!$Q$7:$Q$28, Q165, "Cubic","Skip=True"),_xll.BInterpol($P$126:$P$167, $M$126:$M$167, Q165, "Cubic","Skip=True"))*1,"") -> 6.79
G166: =IFERROR(_xll.BCOUNTPERIODS($C$122,F166,"CDR=BZ")*1,"") | H166: =_xlfn.IFS(IPCA!$O$7=DATA!$T$26,PERIODS!U44,IPCA!$O$7=DATA!$T$27,PERIODS!W44,IPCA!$O$7=DATA!$T$28,PERIODS!Y44) -> 1018 | I166: =IFERROR(_xll.BInterpol($G$126:$G$167, $D$126:$D$167, H166, "Cubic","Skip=True")*1,"") -> 10.729 | P166: =IFERROR(_xll.BCOUNTPERIODS($L$122,O166,"CDR=BZ")*1,"") | Q166: =_xlfn.IFS(IPCA!$O$7=DATA!$T$26,PERIODS!U44,IPCA!$O$7=DATA!$T$27,PERIODS!W44,IPCA!$O$7=DATA!$T$28,PERIODS!Y44) -> 1018 | R166: =IFERROR(IF($K$61=$T$16,_xll.BInterpol(FUT!$R$7:$R$28, FUT!$Q$7:$Q$28, Q166, "Cubic","Skip=True"),_xll.BInterpol($P$126:$P$167, $M$126:$M$167, Q166, "Cubic","Skip=True"))*1,"") -> 6.79
G167: =IFERROR(_xll.BCOUNTPERIODS($C$122,F167,"CDR=BZ")*1,"") | H167: =_xlfn.IFS(IPCA!$O$7=DATA!$T$26,PERIODS!U45,IPCA!$O$7=DATA!$T$27,PERIODS!W45,IPCA!$O$7=DATA!$T$28,PERIODS!Y45) -> 1270 | I167: =IFERROR(_xll.BInterpol($G$126:$G$167, $D$126:$D$167, H167, "Cubic","Skip=True")*1,"") -> 10.869323 | P167: =IFERROR(_xll.BCOUNTPERIODS($L$122,O167,"CDR=BZ")*1,"") | Q167: =_xlfn.IFS(IPCA!$O$7=DATA!$T$26,PERIODS!U45,IPCA!$O$7=DATA!$T$27,PERIODS!W45,IPCA!$O$7=DATA!$T$28,PERIODS!Y45) -> 1270 | R167: =IFERROR(IF($K$61=$T$16,_xll.BInterpol(FUT!$R$7:$R$28, FUT!$Q$7:$Q$28, Q167, "Cubic","Skip=True"),_xll.BInterpol($P$126:$P$167, $M$126:$M$167, Q167, "Cubic","Skip=True"))*1,"") -> 6.79

Sheet CALC
F4: BZPIIPCA Index | G4: BZCLVLUE Index | N4: BZPIIPCA Index | O4: BZCLVLUE Index | V4: BZPIIPCA Index | W4: BZCLVLUE Index
F5: {=_xll.BQL($F$4,"LAST(PX_LAST(Dates=RANGE(#Date-10D,#Date)))","#Date",_xll.BQL.DATE(DATA!U6),"FILL=PREV")} -> 7295.46 | G5: {=_xll.BQL($G$4,"LAST(PX_LAST(Dates=RANGE(#Date-10D,#Date)))","#Date",_xll.BQL.DATE(DATA!U6),"FILL=PREV")} -> 7295.46 | N5: {=_xll.BQL($F$4,"LAST(PX_LAST(Dates=RANGE(#Date-10D,#Date)))","#Date",_xll.BQL.DATE(DATA!U4),"FILL=PREV")} -> #N/A Requesting Data... | O5: {=_xll.BQL($O$4,"LAST(PX_LAST(Dates=RANGE(#Date-10D,#Date)))","#Date",_xll.BQL.DATE(DATA!U4),"FILL=PREV")} -> 6716.74 | V5: {=_xll.BQL($F$4,"LAST(PX_LAST(Dates=RANGE(#Date-10D,#Date)))","#Date",_xll.BQL.DATE(DATA!U5),"FILL=PREV")} -> 6665.28 | W5: {=_xll.BQL($W$4,"LAST(PX_LAST(Dates=RANGE(#Date-10D,#Date)))","#Date",_xll.BQL.DATE(DATA!U5),"FILL=PREV")} -> 6649.99
B6: Main Curve | K6: Date 1 | T6: Date 2 | AC6: Date 1 - Date 2
B7: Months | C7: Tenor | D7: Periods | E7: Implied Inflation | F7: Index | G7: Inflation Index | H7: Accumulated | I7: MoM | K7: Months | L7: Tenor | M7: Periods | N7: Implied Inflation | O7: Index | P7: Inflation Index | Q7: Accumulated | R7: MoM | T7: Months | U7: Tenor | V7: Periods | W7: Implied Inflation | X7: Index | Y7: Inflation Index | Z7: Accumulated | AA7: MoM | AC7: Spread
A8: 1M | B8: 1 | C8: =_xlfn.IFS(IPCA!$O$7=DATA!$T$26,PERIODS!D4,IPCA!$O$7=DATA!$T$27,PERIODS!F4,IPCA!$O$7=DATA!$T$28,PERIODS!H4) -> 2025-07-30 | D8: =DATA!Q7 -> 28 | E8: =(((1+DATA!I7%)/(1+DATA!R7%))-1)*100 -> 2.2089267 | F8: =((((DATA!I7/100)+1)^(D8/252))/(((DATA!R7/100)+1)^(D8/252))) -> 1.0024306 | G8: =(F8*$F$5) -> 7313.1923 | H8: =(F8-1) -> 0.0024305973 | I8: =(G8/$F$5)-1 -> 0.0024305973 | K8: 1 | L8: =_xlfn.IFS(IPCA!$O$7=DATA!$T$26,PERIODS!M4,IPCA!$O$7=DATA!$T$27,PERIODS!O4,IPCA!$O$7=DATA!$T$28,PERIODS!Q4) -> 2024-01-31 | M8: 21 | N8: =(((1+DATA!I66%)/(1+DATA!R66%))-1)*100 -> 4.6311066 | O8: =((((DATA!I66/100)+1)^(M8/252))/(((DATA!R66/100)+1)^(M8/252))) -> 1.0037797 | P8: =(O8*$N$5) -> #VALUE! | Q8: =(O8-1) -> 0.003779684 | R8: =(P8/$N$5)-1 -> #VALUE! | T8: 1 | U8: =_xlfn.IFS(IPCA!$O$7=DATA!$T$26,PERIODS!V4,IPCA!$O$7=DATA!$T$27,PERIODS!X4,IPCA!$O$7=DATA!$T$28,PERIODS!Z4) -> 2023-07-28 | V8: 21 | W8: =(((1+DATA!I126%)/(1+DATA!R126%))-1)*100 -> 1.2019898 | X8: =((((DATA!I126/100)+1)^(V8/252))/(((DATA!R126/100)+1)^(V8/252))) -> 1.0009962 | Y8: =(X8*$V$5) -> 6671.9198 | Z8: =(X8-1) -> 0.00099618191 | AA8: =(Y8/$V$5)-1 -> 0.00099618191 | AC8: =N8-W8 -> 3.4291168
B9: 2 | C9: =_xlfn.IFS(IPCA!$O$7=DATA!$T$26,PERIODS!D5,IPCA!$O$7=DATA!$T$27,PERIODS!F5,IPCA!$O$7=DATA!$T$28,PERIODS!H5) -> 2025-08-29 | D9: =DATA!Q8 -> 50 | E9: =(((1+DATA!I8%)/(1+DATA!R8%))-1)*100 -> 2.8408526 | F9: =((((DATA!I8/100)+1)^(D9/252))/(((DATA!R8/100)+1)^(D9/252))) -> 1.0055735 | G9: =(F9*$F$5) -> 7336.1213 | H9: =(F9-1) -> 0.0055735077 | I9: =(G9/G8)-1 -> 0.0031352897 | K9: 2 | L9: =_xlfn.IFS(IPCA!$O$7=DATA!$T$26,PERIODS!M5,IPCA!$O$7=DATA!$T$27,PERIODS!O5,IPCA!$O$7=DATA!$T$28,PERIODS!Q5) -> 2024-02-29 | M9: 42 | N9: =(((1+DATA!I67%)/(1+DATA!R67%))-1)*100 -> 4.9374192 | O9: =((((DATA!I67/100)+1)^(M9/252))/(((DATA!R67/100)+1)^(M9/252))) -> 1.0080647 | P9: =(O9*$N$5) -> #VALUE! | Q9: =(O9-1) -> 0.0080646756 | R9: =(P9/P8)-1 -> #VALUE! | T9: 2 | U9: =_xlfn.IFS(IPCA!$O$7=DATA!$T$26,PERIODS!V5,IPCA!$O$7=DATA!$T$27,PERIODS!X5,IPCA!$O$7=DATA!$T$28,PERIODS!Z5) -> 2023-08-30 | V9: 42 | W9: =(((1+DATA!I127%)/(1+DATA!R127%))-1)*100 -> 4.0893974 | X9: =((((DATA!I127/100)+1)^(V9/252))/(((DATA!R127/100)+1)^(V9/252))) -> 1.0067023 | Y9: =(X9*$V$5) -> 6709.953 | Z9: =(X9-1) -> 0.0067023499 | AA9: =(Y9/Y8)-1 -> 0.0057004893 | AC9: =N9-W9 -> 0.84802188
B10: 3 | C10: =_xlfn.IFS(IPCA!$O$7=DATA!$T$26,PERIODS!D6,IPCA!$O$7=DATA!$T$27,PERIODS!F6,IPCA!$O$7=DATA!$T$28,PERIODS!H6) -> 2025-09-30 | D10: =DATA!Q9 -> 72 | E10: =(((1+DATA!I9%)/(1+DATA!R9%))-1)*100 -> 3.8874531 | F10: =((((DATA!I9/100)+1)^(D10/252))/(((DATA!R9/100)+1)^(D10/252))) -> 1.0109561 | G10: =(F10*$F$5) -> 7375.3901 | H10: =(F10-1) -> 0.010956139 | I10: =(G10/G9)-1 -> 0.0053527979 | K10: 3 | L10: =_xlfn.IFS(IPCA!$O$7=DATA!$T$26,PERIODS!M6,IPCA!$O$7=DATA!$T$27,PERIODS!O6,IPCA!$O$7=DATA!$T$28,PERIODS!Q6) -> 2024-03-28 | M10: 63 | N10: =(((1+DATA!I68%)/(1+DATA!R68%))-1)*100 -> 4.8525916 | O10: =((((DATA!I68/100)+1)^(M10/252))/(((DATA!R68/100)+1)^(M10/252))) -> 1.0119168 | P10: =(O10*$N$5) -> #VALUE! | Q10: =(O10-1) -> 0.011916768 | R10: =(P10/P9)-1 -> #VALUE! | T10: 3 | U10: =_xlfn.IFS(IPCA!$O$7=DATA!$T$26,PERIODS!V6,IPCA!$O$7=DATA!$T$27,PERIODS!X6,IPCA!$O$7=DATA!$T$28,PERIODS!Z6) -> 2023-09-29 | V10: 63 | W10: =(((1+DATA!I128%)/(1+DATA!R128%))-1)*100 -> 5.3162259 | X10: =((((DATA!I128/100)+1)^(V10/252))/(((DATA!R128/100)+1)^(V10/252))) -> 1.0130335 | Y10: =(X10*$V$5) -> 6752.1522 | Z10: =(X10-1) -> 0.013033534 | AA10: =(Y10/Y9)-1 -> 0.0062890327 | AC10: =N10-W10 -> -0.46363422
B11: 4 | C11: =_xlfn.IFS(IPCA!$O$7=DATA!$T$26,PERIODS!D7,IPCA!$O$7=DATA!$T$27,PERIODS!F7,IPCA!$O$7=DATA!$T$28,PERIODS!H7) -> 2025-10-30 | D11: =DATA!Q10 -> 94 | E11: =(((1+DATA!I10%)/(1+DATA!R10%))-1)*100 -> 3.8921838 | F11: =((((DATA!I10/100)+1)^(D11/252))/(((DATA!R10/100)+1)^(D11/252))) -> 1.014345 | G11: =(F11*$F$5) -> 7400.1131 | H11: =(F11-1) -> 0.01434496 | I11: =(G11/G10)-1 -> 0.0033520944 | K11: 4 | L11: =_xlfn.IFS(IPCA!$O$7=DATA!$T$26,PERIODS!M7,IPCA!$O$7=DATA!$T$27,PERIODS!O7,IPCA!$O$7=DATA!$T$28,PERIODS!Q7) -> 2024-04-30 | M11: 84 | N11: =(((1+DATA!I69%)/(1+DATA!R69%))-1)*100 -> 4.4531949 | O11: =((((DATA!I69/100)+1)^(M11/252))/(((DATA!R69/100)+1)^(M11/252))) -> 1.0146289 | P11: =(O11*$N$5) -> #VALUE! | Q11: =(O11-1) -> 0.014628934 | R11: =(P11/P10)-1 -> #VALUE! | T11: 4 | U11: =_xlfn.IFS(IPCA!$O$7=DATA!$T$26,PERIODS!V7,IPCA!$O$7=DATA!$T$27,PERIODS!X7,IPCA!$O$7=DATA!$T$28,PERIODS!Z7) -> 2023-10-30 | V11: 84 | W11: =(((1+DATA!I129%)/(1+DATA!R129%))-1)*100 -> 5.3987039 | X11: =((((DATA!I129/100)+1)^(V11/252))/(((DATA!R129/100)+1)^(V11/252))) -> 1.0176812 | Y11: =(X11*$V$5) -> 6783.1302 | Z11: =(X11-1) -> 0.017681212 | AA11: =(Y11/Y10)-1 -> 0.0045878816 | AC11: =N11-W11 -> -0.94550896
B12: 5 | C12: =_xlfn.IFS(IPCA!$O$7=DATA!$T$26,PERIODS!D8,IPCA!$O$7=DATA!$T$27,PERIODS!F8,IPCA!$O$7=DATA!$T$28,PERIODS!H8) -> 2025-11-28 | D12: =DATA!Q11 -> 114 | E12: =(((1+DATA!I11%)/(1+DATA!R11%))-1)*100 -> 4.06596 | F12: =((((DATA!I11/100)+1)^(D12/252))/(((DATA!R11/100)+1)^(D12/252))) -> 1.018193 | G12: =(F12*$F$5) -> 7428.1866 | H12: =(F12-1) -> 0.01819304 | I12: =(G12/G11)-1 -> 0.00379366 | K12: 5 | L12: =_xlfn.IFS(IPCA!$O$7=DATA!$T$26,PERIODS!M8,IPCA!$O$7=DATA!$T$27,PERIODS!O8,IPCA!$O$7=DATA!$T$28,PERIODS!Q8) -> 2024-05-31 | M12: 105 | N12: =(((1+DATA!I70%)/(1+DATA!R70%))-1)*100 -> 4.2624135 | O12: =((((DATA!I70/100)+1)^(M12/252))/(((DATA!R70/100)+1)^(M12/252))) -> 1.0175441 | P12: =(O12*$N$5) -> #VALUE! | Q12: =(O12-1) -> 0.017544097 | R12: =(P12/P11)-1 -> #VALUE! | T12: 5 | U12: =_xlfn.IFS(IPCA!$O$7=DATA!$T$26,PERIODS!V8,IPCA!$O$7=DATA!$T$27,PERIODS!X8,IPCA!$O$7=DATA!$T$28,PERIODS!Z8) -> 2023-11-30 | V12: 105 | W12: =(((1+DATA!I130%)/(1+DATA!R130%))-1)*100 -> 4.7491942 | X12: =((((DATA!I130/100)+1)^(V12/252))/(((DATA!R130/100)+1)^(V12/252))) -> 1.0195209 | Y12: =(X12*$V$5) -> 6795.3921 | Z12: =(X12-1) -> 0.019520872 | AA12: =(Y12/Y11)-1 -> 0.0018076976 | AC12: =N12-W12 -> -0.48678065
B13: 6 | C13: =_xlfn.IFS(IPCA!$O$7=DATA!$T$26,PERIODS!D9,IPCA!$O$7=DATA!$T$27,PERIODS!F9,IPCA!$O$7=DATA!$T$28,PERIODS!H9) -> 2025-12-30 | D13: =DATA!Q12 -> 135 | E13: =(((1+DATA!I12%)/(1+DATA!R12%))-1)*100 -> 4.1572862 | F13: =((((DATA!I12/100)+1)^(D13/252))/(((DATA!R12/100)+1)^(D13/252))) -> 1.0220605 | G13: =(F13*$F$5) -> 7456.4014 | H13: =(F13-1) -> 0.022060493 | I13: =(G13/G12)-1 -> 0.0037983498 | K13: 6 | L13: =_xlfn.IFS(IPCA!$O$7=DATA!$T$26,PERIODS!M9,IPCA!$O$7=DATA!$T$27,PERIODS!O9,IPCA!$O$7=DATA!$T$28,PERIODS!Q9) -> 2024-06-28 | M13: 126 | N13: =(((1+DATA!I71%)/(1+DATA!R71%))-1)*100 -> 4.0350831 | O13: =((((DATA!I71/100)+1)^(M13/252))/(((DATA!R71/100)+1)^(M13/252))) -> 1.0199759 | P13: =(O13*$N$5) -> #VALUE! | Q13: =(O13-1) -> 0.019975897 | R13: =(P13/P12)-1 -> #VALUE! | T13: 6 | U13: =_xlfn.IFS(IPCA!$O$7=DATA!$T$26,PERIODS!V9,IPCA!$O$7=DATA!$T$27,PERIODS!X9,IPCA!$O$7=DATA!$T$28,PERIODS!Z9) -> 2023-12-29 | V13: 126 | W13: =(((1+DATA!I131%)/(1+DATA!R131%))-1)*100 -> 3.8980453 | X13: =((((DATA!I131/100)+1)^(V13/252))/(((DATA!R131/100)+1)^(V13/252))) -> 1.0193039 | Y13: =(X13*$V$5) -> 6793.9459 | Z13: =(X13-1) -> 0.019303906 | AA13: =(Y13/Y12)-1 -> -0.00021281149 | AC13: =N13-W13 -> 0.13703787
B14: 7 | C14: =_xlfn.IFS(IPCA!$O$7=DATA!$T$26,PERIODS!D10,IPCA!$O$7=DATA!$T$27,PERIODS!F10,IPCA!$O$7=DATA!$T$28,PERIODS!H10) -> 2026-01-30 | D14: =DATA!Q13 -> 157 | E14: =(((1+DATA!I13%)/(1+DATA!R13%))-1)*100 -> 4.2955033 | F14: =((((DATA!I13/100)+1)^(D14/252))/(((DATA!R13/100)+1)^(D14/252))) -> 1.0265492 | G14: =(F14*$F$5) -> 7489.1483 | H14: =(F14-1) -> 0.026549153 | I14: =(G14/G13)-1 -> 0.0043917747 | K14: 7 | L14: =_xlfn.IFS(IPCA!$O$7=DATA!$T$26,PERIODS!M10,IPCA!$O$7=DATA!$T$27,PERIODS!O10,IPCA!$O$7=DATA!$T$28,PERIODS!Q10) -> 2024-07-31 | M14: 147 | N14: =(((1+DATA!I72%)/(1+DATA!R72%))-1)*100 -> 3.8044096 | O14: =((((DATA!I72/100)+1)^(M14/252))/(((DATA!R72/100)+1)^(M14/252))) -> 1.0220196 | P14: =(O14*$N$5) -> #VALUE! | Q14: =(O14-1) -> 0.022019585 | R14: =(P14/P13)-1 -> #VALUE! | T14: 7 | U14: =_xlfn.IFS(IPCA!$O$7=DATA!$T$26,PERIODS!V10,IPCA!$O$7=DATA!$T$27,PERIODS!X10,IPCA!$O$7=DATA!$T$28,PERIODS!Z10) -> 2024-01-30 | V14: 147 | W14: =(((1+DATA!I132%)/(1+DATA!R132%))-1)*100 -> 3.2058301 | X14: =((((DATA!I132/100)+1)^(V14/252))/(((DATA!R132/100)+1)^(V14/252))) -> 1.0185776 | Y14: =(X14*$V$5) -> 6789.1051 | Z14: =(X14-1) -> 0.018577632 | AA14: =(Y14/Y13)-1 -> -0.00071251915 | AC14: =N14-W14 -> 0.59857947
B15: 8 | C15: =_xlfn.IFS(IPCA!$O$7=DATA!$T$26,PERIODS!D11,IPCA!$O$7=DATA!$T$27,PERIODS!F11,IPCA!$O$7=DATA!$T$28,PERIODS!H11) -> 2026-02-27 | D15: =DATA!Q14 -> 175 | E15: =(((1+DATA!I14%)/(1+DATA!R14%))-1)*100 -> 4.374416 | F15: =((((DATA!I14/100)+1)^(D15/252))/(((DATA!R14/100)+1)^(D15/252))) -> 1.0301786 | G15: =(F15*$F$5) -> 7515.6271 | H15: =(F15-1) -> 0.03017864 | I15: =(G15/G14)-1 -> 0.0035356194 | K15: 8 | L15: =_xlfn.IFS(IPCA!$O$7=DATA!$T$26,PERIODS!M11,IPCA!$O$7=DATA!$T$27,PERIODS!O11,IPCA!$O$7=DATA!$T$28,PERIODS!Q11) -> 2024-08-30 | M15: 168 | N15: =(((1+DATA!I73%)/(1+DATA!R73%))-1)*100 -> 3.7240754 | O15: =((((DATA!I73/100)+1)^(M15/252))/(((DATA!R73/100)+1)^(M15/252))) -> 1.0246756 | P15: =(O15*$N$5) -> #VALUE! | Q15: =(O15-1) -> 0.024675569 | R15: =(P15/P14)-1 -> #VALUE! | T15: 8 | U15: =_xlfn.IFS(IPCA!$O$7=DATA!$T$26,PERIODS!V11,IPCA!$O$7=DATA!$T$27,PERIODS!X11,IPCA!$O$7=DATA!$T$28,PERIODS!Z11) -> 2024-02-29 | V15: 168 | W15: =(((1+DATA!I133%)/(1+DATA!R133%))-1)*100 -> 2.8626496 | X15: =((((DATA!I133/100)+1)^(V15/252))/(((DATA!R133/100)+1)^(V15/252))) -> 1.0189944 | Y15: =(X15*$V$5) -> 6791.8831 | Z15: =(X15-1) -> 0.018994417 | AA15: =(Y15/Y14)-1 -> 0.00040918287 | AC15: =N15-W15 -> 0.86142587
B16: 9 | C16: =_xlfn.IFS(IPCA!$O$7=DATA!$T$26,PERIODS!D12,IPCA!$O$7=DATA!$T$27,PERIODS!F12,IPCA!$O$7=DATA!$T$28,PERIODS!H12) -> 2026-03-30 | D16: =DATA!Q15 -> 196 | E16: =(((1+DATA!I15%)/(1+DATA!R15%))-1)*100 -> 4.4187421 | F16: =((((DATA!I15/100)+1)^(D16/252))/(((DATA!R15/100)+1)^(D16/252))) -> 1.0342022 | G16: =(F16*$F$5) -> 7544.9809 | H16: =(F16-1) -> 0.034202223 | I16: =(G16/G15)-1 -> 0.0039057137 | K16: 9 | L16: =_xlfn.IFS(IPCA!$O$7=DATA!$T$26,PERIODS!M12,IPCA!$O$7=DATA!$T$27,PERIODS!O12,IPCA!$O$7=DATA!$T$28,PERIODS!Q12) -> 2024-09-30 | M16: 189 | N16: =(((1+DATA!I74%)/(1+DATA!R74%))-1)*100 -> 3.773859 | O16: =((((DATA!I74/100)+1)^(M16/252))/(((DATA!R74/100)+1)^(M16/252))) -> 1.0281725 | P16: =(O16*$N$5) -> #VALUE! | Q16: =(O16-1) -> 0.028172479 | R16: =(P16/P15)-1 -> #VALUE! | T16: 9 | U16: =_xlfn.IFS(IPCA!$O$7=DATA!$T$26,PERIODS!V12,IPCA!$O$7=DATA!$T$27,PERIODS!X12,IPCA!$O$7=DATA!$T$28,PERIODS!Z12) -> 2024-03-28 | V16: 189 | W16: =(((1+DATA!I134%)/(1+DATA!R134%))-1)*100 -> 2.7670881 | X16: =((((DATA!I134/100)+1)^(V16/252))/(((DATA!R134/100)+1)^(V16/252))) -> 1.0206822 | Y16: =(X16*$V$5) -> 6803.1326 | Z16: =(X16-1) -> 0.020682193 | AA16: =(Y16/Y15)-1 -> 0.0016563156 | AC16: =N16-W16 -> 1.0067709
B17: 10 | C17: =_xlfn.IFS(IPCA!$O$7=DATA!$T$26,PERIODS!D13,IPCA!$O$7=DATA!$T$27,PERIODS!F13,IPCA!$O$7=DATA!$T$28,PERIODS!H13) -> 2026-04-30 | D17: =DATA!Q16 -> 217 | E17: =(((1+DATA!I16%)/(1+DATA!R16%))-1)*100 -> 4.4300347 | F17: =((((DATA!I16/100)+1)^(D17/252))/(((DATA!R16/100)+1)^(D17/252))) -> 1.0380321 | G17: =(F17*$F$5) -> 7572.9216 | H17: =(F17-1) -> 0.038032092 | I17: =(G17/G16)-1 -> 0.0037032112 | K17: 10 | L17: =_xlfn.IFS(IPCA!$O$7=DATA!$T$26,PERIODS!M13,IPCA!$O$7=DATA!$T$27,PERIODS!O13,IPCA!$O$7=DATA!$T$28,PERIODS!Q13) -> 2024-10-31 | M17: 210 | N17: =(((1+DATA!I75%)/(1+DATA!R75%))-1)*100 -> 3.9193525 | O17: =((((DATA!I75/100)+1)^(M17/252))/(((DATA!R75/100)+1)^(M17/252))) -> 1.0325562 | P17: =(O17*$N$5) -> #VALUE! | Q17: =(O17-1) -> 0.032556187 | R17: =(P17/P16)-1 -> #VALUE! | T17: 10 | U17: =_xlfn.IFS(IPCA!$O$7=DATA!$T$26,PERIODS!V13,IPCA!$O$7=DATA!$T$27,PERIODS!X13,IPCA!$O$7=DATA!$T$28,PERIODS!Z13) -> 2024-04-30 | V17: 210 | W17: =(((1+DATA!I135%)/(1+DATA!R135%))-1)*100 -> 2.8802668 | X17: =((((DATA!I135/100)+1)^(V17/252))/(((DATA!R135/100)+1)^(V17/252))) -> 1.0239452 | Y17: =(X17*$V$5) -> 6824.8818 | Z17: =(X17-1) -> 0.023945248 | AA17: =(Y17/Y16)-1 -> 0.0031969353 | AC17: =N17-W17 -> 1.0390856
B18: 11 | C18: =_xlfn.IFS(IPCA!$O$7=DATA!$T$26,PERIODS!D14,IPCA!$O$7=DATA!$T$27,PERIODS!F14,IPCA!$O$7=DATA!$T$28,PERIODS!H14) -> 2026-05-29 | D18: =DATA!Q17 -> 237 | E18: =(((1+DATA!I17%)/(1+DATA!R17%))-1)*100 -> 4.4188003 | F18: =((((DATA!I17/100)+1)^(D18/252))/(((DATA!R17/100)+1)^(D18/252))) -> 1.0415039 | G18: =(F18*$F$5) -> 7598.2504 | H18: =(F18-1) -> 0.041503946 | I18: =(G18/G17)-1 -> 0.00334465 | K18: 11 | L18: =_xlfn.IFS(IPCA!$O$7=DATA!$T$26,PERIODS!M14,IPCA!$O$7=DATA!$T$27,PERIODS!O14,IPCA!$O$7=DATA!$T$28,PERIODS!Q14) -> 2024-11-29 | M18: 231 | N18: =(((1+DATA!I76%)/(1+DATA!R76%))-1)*100 -> 4.0638297 | O18: =((((DATA!I76/100)+1)^(M18/252))/(((DATA!R76/100)+1)^(M18/252))) -> 1.0371896 | P18: =(O18*$N$5) -> #VALUE! | Q18: =(O18-1) -> 0.037189602 | R18: =(P18/P17)-1 -> #VALUE! | T18: 11 | U18: =_xlfn.IFS(IPCA!$O$7=DATA!$T$26,PERIODS!V14,IPCA!$O$7=DATA!$T$27,PERIODS!X14,IPCA!$O$7=DATA!$T$28,PERIODS!Z14) -> 2024-05-29 | V18: 231 | W18: =(((1+DATA!I136%)/(1+DATA!R136%))-1)*100 -> 3.1110738 | X18: =((((DATA!I136/100)+1)^(V18/252))/(((DATA!R136/100)+1)^(V18/252))) -> 1.0284816 | Y18: =(X18*$V$5) -> 6855.118 | Z18: =(X18-1) -> 0.028481617 | AA18: =(Y18/Y17)-1 -> 0.0044302847 | AC18: =N18-W18 -> 0.95275598
A19: 1Y | B19: 12 | C19: =_xlfn.IFS(IPCA!$O$7=DATA!$T$26,PERIODS!D15,IPCA!$O$7=DATA!$T$27,PERIODS!F15,IPCA!$O$7=DATA!$T$28,PERIODS!H15) -> 2026-06-30 | D19: =DATA!Q18 -> 258 | E19: =(((1+DATA!I18%)/(1+DATA!R18%))-1)*100 -> 4.3995869 | F19: =((((DATA!I18/100)+1)^(D19/252))/(((DATA!R18/100)+1)^(D19/252))) -> 1.0450667 | G19: =(F19*$F$5) -> 7624.2419 | H19: =(F19-1) -> 0.045066651 | I19: =(G19/G18)-1 -> 0.0034207311 | K19: 12 | L19: =_xlfn.IFS(IPCA!$O$7=DATA!$T$26,PERIODS!M15,IPCA!$O$7=DATA!$T$27,PERIODS!O15,IPCA!$O$7=DATA!$T$28,PERIODS!Q15) -> 2024-12-31 | M19: 252 | N19: =(((1+DATA!I77%)/(1+DATA!R77%))-1)*100 -> 4.2088397 | O19: =((((DATA!I77/100)+1)^(M19/252))/(((DATA!R77/100)+1)^(M19/252))) -> 1.0420884 | P19: =(O19*$N$5) -> #VALUE! | Q19: =(O19-1) -> 0.042088397 | R19: =(P19/P18)-1 -> #VALUE! | T19: 12 | U19: =_xlfn.IFS(IPCA!$O$7=DATA!$T$26,PERIODS!V15,IPCA!$O$7=DATA!$T$27,PERIODS!X15,IPCA!$O$7=DATA!$T$28,PERIODS!Z15) -> 2024-06-28 | V19: 252 | W19: =(((1+DATA!I137%)/(1+DATA!R137%))-1)*100 -> 3.4246551 | X19: =((((DATA!I137/100)+1)^(V19/252))/(((DATA!R137/100)+1)^(V19/252))) -> 1.0342466 | Y19: =(X19*$V$5) -> 6893.5429 | Z19: =(X19-1) -> 0.034246551 | AA19: =(Y19/Y18)-1 -> 0.0056052861 | AC19: =N19-W19 -> 0.78418461
B20: 13 | C20: =_xlfn.IFS(IPCA!$O$7=DATA!$T$26,PERIODS!D16,IPCA!$O$7=DATA!$T$27,PERIODS!F16,IPCA!$O$7=DATA!$T$28,PERIODS!H16) -> 2026-07-30 | D20: =DATA!Q19 -> 280 | E20: =(((1+DATA!I19%)/(1+DATA!R19%))-1)*100 -> 4.378436 | F20: =((((DATA!I19/100)+1)^(D20/252))/(((DATA!R19/100)+1)^(D20/252))) -> 1.0487661 | G20: =(F20*$F$5) -> 7651.2313 | H20: =(F20-1) -> 0.048766122 | I20: =(G20/G19)-1 -> 0.0035399384 | K20: 13 | L20: =_xlfn.IFS(IPCA!$O$7=DATA!$T$26,PERIODS!M16,IPCA!$O$7=DATA!$T$27,PERIODS!O16,IPCA!$O$7=DATA!$T$28,PERIODS!Q16) -> 2025-01-31 | M20: 273 | N20: =(((1+DATA!I78%)/(1+DATA!R78%))-1)*100 -> 4.2954065 | O20: =((((DATA!I78/100)+1)^(M20/252))/(((DATA!R78/100)+1)^(M20/252))) -> 1.0466158 | P20: =(O20*$N$5) -> #VALUE! | Q20: =(O20-1) -> 0.046615783 | R20: =(P20/P19)-1 -> #VALUE! | T20: 13 | U20: =_xlfn.IFS(IPCA!$O$7=DATA!$T$26,PERIODS!V16,IPCA!$O$7=DATA!$T$27,PERIODS!X16,IPCA!$O$7=DATA!$T$28,PERIODS!Z16) -> 2024-07-30 | V20: 273 | W20: =(((1+DATA!I138%)/(1+DATA!R138%))-1)*100 -> 3.7555018 | X20: =((((DATA!I138/100)+1)^(V20/252))/(((DATA!R138/100)+1)^(V20/252))) -> 1.0407475 | Y20: =(X20*$V$5) -> 6936.8738 | Z20: =(X20-1) -> 0.040747548 | AA20: =(Y20/Y19)-1 -> 0.0062857327 | AC20: =N20-W20 -> 0.53990472
B21: 14 | C21: =_xlfn.IFS(IPCA!$O$7=DATA!$T$26,PERIODS!D17,IPCA!$O$7=DATA!$T$27,PERIODS!F17,IPCA!$O$7=DATA!$T$28,PERIODS!H17) -> 2026-08-28 | D21: =DATA!Q20 -> 301 | E21: =(((1+DATA!I20%)/(1+DATA!R20%))-1)*100 -> 4.3665603 | F21: =((((DATA!I20/100)+1)^(D21/252))/(((DATA!R20/100)+1)^(D21/252))) -> 1.052375 | G21: =(F21*$F$5) -> 7677.5598 | H21: =(F21-1) -> 0.052375008 | I21: =(G21/G20)-1 -> 0.0034410775 | K21: 14 | L21: =_xlfn.IFS(IPCA!$O$7=DATA!$T$26,PERIODS!M17,IPCA!$O$7=DATA!$T$27,PERIODS!O17,IPCA!$O$7=DATA!$T$28,PERIODS!Q17) -> 2025-02-28 | M21: 294 | N21: =(((1+DATA!I79%)/(1+DATA!R79%))-1)*100 -> 4.3056698 | O21: =((((DATA!I79/100)+1)^(M21/252))/(((DATA!R79/100)+1)^(M21/252))) -> 1.0504109 | P21: =(O21*$N$5) -> #VALUE! | Q21: =(O21-1) -> 0.050410938 | R21: =(P21/P20)-1 -> #VALUE! | T21: 14 | U21: =_xlfn.IFS(IPCA!$O$7=DATA!$T$26,PERIODS!V17,IPCA!$O$7=DATA!$T$27,PERIODS!X17,IPCA!$O$7=DATA!$T$28,PERIODS!Z17) -> 2024-08-30 | V21: 294 | W21: =(((1+DATA!I139%)/(1+DATA!R139%))-1)*100 -> 4.0128812 | X21: =((((DATA!I139/100)+1)^(V21/252))/(((DATA!R139/100)+1)^(V21/252))) -> 1.0469718 | Y21: =(X21*$V$5) -> 6978.3601 | Z21: =(X21-1) -> 0.046971792 | AA21: =(Y21/Y20)-1 -> 0.0059805509 | AC21: =N21-W21 -> 0.29278861
B22: 15 | C22: =_xlfn.IFS(IPCA!$O$7=DATA!$T$26,PERIODS!D18,IPCA!$O$7=DATA!$T$27,PERIODS!F18,IPCA!$O$7=DATA!$T$28,PERIODS!H18) -> 2026-09-30 | D22: =DATA!Q21 -> 323 | E22: =(((1+DATA!I21%)/(1+DATA!R21%))-1)*100 -> 4.368421 | F22: =((((DATA!I21/100)+1)^(D22/252))/(((DATA!R21/100)+1)^(D22/252))) -> 1.0563331 | G22: =(F22*$F$5) -> 7706.4359 | H22: =(F22-1) -> 0.056333096 | I22: =(G22/G21)-1 -> 0.0037611011 | K22: 15 | L22: =_xlfn.IFS(IPCA!$O$7=DATA!$T$26,PERIODS!M18,IPCA!$O$7=DATA!$T$27,PERIODS!O18,IPCA!$O$7=DATA!$T$28,PERIODS!Q18) -> 2025-03-31 | M22: 315 | N22: =(((1+DATA!I80%)/(1+DATA!R80%))-1)*100 -> 4.2713641 | O22: =((((DATA!I80/100)+1)^(M22/252))/(((DATA!R80/100)+1)^(M22/252))) -> 1.0536741 | P22: =(O22*$N$5) -> #VALUE! | Q22: =(O22-1) -> 0.053674133 | R22: =(P22/P21)-1 -> #VALUE! | T22: 15 | U22: =_xlfn.IFS(IPCA!$O$7=DATA!$T$26,PERIODS!V18,IPCA!$O$7=DATA!$T$27,PERIODS!X18,IPCA!$O$7=DATA!$T$28,PERIODS!Z18) -> 2024-09-30 | V22: 315 | W22: =(((1+DATA!I140%)/(1+DATA!R140%))-1)*100 -> 4.1402237 | X22: =((((DATA!I140/100)+1)^(V22/252))/(((DATA!R140/100)+1)^(V22/252))) -> 1.0520179 | Y22: =(X22*$V$5) -> 7011.9939 | Z22: =(X22-1) -> 0.052017908 | AA22: =(Y22/Y21)-1 -> 0.0048197249 | AC22: =N22-W22 -> 0.13114037
B23: 16 | C23: =_xlfn.IFS(IPCA!$O$7=DATA!$T$26,PERIODS!D19,IPCA!$O$7=DATA!$T$27,PERIODS!F19,IPCA!$O$7=DATA!$T$28,PERIODS!H19) -> 2026-10-30 | D23: =DATA!Q22 -> 344 | E23: =(((1+DATA!I22%)/(1+DATA!R22%))-1)*100 -> 4.3838688 | F23: =((((DATA!I22/100)+1)^(D23/252))/(((DATA!R22/100)+1)^(D23/252))) -> 1.0603178 | G23: =(F23*$F$5) -> 7735.5062 | H23: =(F23-1) -> 0.060317807 | I23: =(G23/G22)-1 -> 0.0037722107 | K23: 16 | L23: =_xlfn.IFS(IPCA!$O$7=DATA!$T$26,PERIODS!M19,IPCA!$O$7=DATA!$T$27,PERIODS!O19,IPCA!$O$7=DATA!$T$28,PERIODS!Q19) -> 2025-04-30 | M23: 336 | N23: =(((1+DATA!I81%)/(1+DATA!R81%))-1)*100 -> 4.2075054 | O23: =((((DATA!I81/100)+1)^(M23/252))/(((DATA!R81/100)+1)^(M23/252))) -> 1.0564899 | P23: =(O23*$N$5) -> #VALUE! | Q23: =(O23-1) -> 0.056489859 | R23: =(P23/P22)-1 -> #VALUE! | T23: 16 | U23: =_xlfn.IFS(IPCA!$O$7=DATA!$T$26,PERIODS!V19,IPCA!$O$7=DATA!$T$27,PERIODS!X19,IPCA!$O$7=DATA!$T$28,PERIODS!Z19) -> 2024-10-30 | V23: 336 | W23: =(((1+DATA!I141%)/(1+DATA!R141%))-1)*100 -> 4.1891165 | X23: =((((DATA!I141/100)+1)^(V23/252))/(((DATA!R141/100)+1)^(V23/252))) -> 1.0562413 | Y23: =(X23*$V$5) -> 7040.1439 | Z23: =(X23-1) -> 0.056241289 | AA23: =(Y23/Y22)-1 -> 0.0040145524 | AC23: =N23-W23 -> 0.018388881
B24: 17 | C24: =_xlfn.IFS(IPCA!$O$7=DATA!$T$26,PERIODS!D20,IPCA!$O$7=DATA!$T$27,PERIODS!F20,IPCA!$O$7=DATA!$T$28,PERIODS!H20) -> 2026-11-30 | D24: =DATA!Q23 -> 363 | E24: =(((1+DATA!I23%)/(1+DATA!R23%))-1)*100 -> 4.4114766 | F24: =((((DATA!I23/100)+1)^(D24/252))/(((DATA!R23/100)+1)^(D24/252))) -> 1.0641587 | G24: =(F24*$F$5) -> 7763.527 | H24: =(F24-1) -> 0.064158675 | I24: =(G24/G23)-1 -> 0.0036223742 | K24: 17 | L24: =_xlfn.IFS(IPCA!$O$7=DATA!$T$26,PERIODS!M20,IPCA!$O$7=DATA!$T$27,PERIODS!O20,IPCA!$O$7=DATA!$T$28,PERIODS!Q20) -> 2025-05-30 | M24: 357 | N24: =(((1+DATA!I82%)/(1+DATA!R82%))-1)*100 -> 4.1574806 | O24: =((((DATA!I82/100)+1)^(M24/252))/(((DATA!R82/100)+1)^(M24/252))) -> 1.0594037 | P24: =(O24*$N$5) -> #VALUE! | Q24: =(O24-1) -> 0.059403722 | R24: =(P24/P23)-1 -> #VALUE! | T24: 17 | U24: =_xlfn.IFS(IPCA!$O$7=DATA!$T$26,PERIODS!V20,IPCA!$O$7=DATA!$T$27,PERIODS!X20,IPCA!$O$7=DATA!$T$28,PERIODS!Z20) -> 2024-11-29 | V24: 357 | W24: =(((1+DATA!I142%)/(1+DATA!R142%))-1)*100 -> 4.185185 | X24: =((((DATA!I142/100)+1)^(V24/252))/(((DATA!R142/100)+1)^(V24/252))) -> 1.0598029 | Y24: =(X24*$V$5) -> 7063.8833 | Z24: =(X24-1) -> 0.059802941 | AA24: =(Y24/Y23)-1 -> 0.0033720055 | AC24: =N24-W24 -> -0.027704357
A25: 1.5Y | B25: 18 | C25: =_xlfn.IFS(IPCA!$O$7=DATA!$T$26,PERIODS!D21,IPCA!$O$7=DATA!$T$27,PERIODS!F21,IPCA!$O$7=DATA!$T$28,PERIODS!H21) -> 2026-12-30 | D25: =DATA!Q24 -> 384 | E25: =(((1+DATA!I24%)/(1+DATA!R24%))-1)*100 -> 4.4600848 | F25: =((((DATA!I24/100)+1)^(D25/252))/(((DATA!R24/100)+1)^(D25/252))) -> 1.0687516 | G25: =(F25*$F$5) -> 7797.0342 | H25: =(F25-1) -> 0.068751557 | I25: =(G25/G24)-1 -> 0.0043159744 | K25: 18 | L25: =_xlfn.IFS(IPCA!$O$7=DATA!$T$26,PERIODS!M21,IPCA!$O$7=DATA!$T$27,PERIODS!O21,IPCA!$O$7=DATA!$T$28,PERIODS!Q21) -> 2025-06-30 | M25: 378 | N25: =(((1+DATA!I83%)/(1+DATA!R83%))-1)*100 -> 4.134279 | O25: =((((DATA!I83/100)+1)^(M25/252))/(((DATA!R83/100)+1)^(M25/252))) -> 1.0626508 | P25: =(O25*$N$5) -> #VALUE! | Q25: =(O25-1) -> 0.062650795 | R25: =(P25/P24)-1 -> #VALUE! | T25: 18 | U25: =_xlfn.IFS(IPCA!$O$7=DATA!$T$26,PERIODS!V21,IPCA!$O$7=DATA!$T$27,PERIODS!X21,IPCA!$O$7=DATA!$T$28,PERIODS!Z21) -> 2024-12-30 | V25: 378 | W25: =(((1+DATA!I143%)/(1+DATA!R143%))-1)*100 -> 4.1610125 | X25: =((((DATA!I143/100)+1)^(V25/252))/(((DATA!R143/100)+1)^(V25/252))) -> 1.06306 | Y25: =(X25*$V$5) -> 7085.5928 | Z25: =(X25-1) -> 0.063060029 | AA25: =(Y25/Y24)-1 -> 0.0030732968 | AC25: =N25-W25 -> -0.026733536
B26: 19 | C26: =_xlfn.IFS(IPCA!$O$7=DATA!$T$26,PERIODS!D22,IPCA!$O$7=DATA!$T$27,PERIODS!F22,IPCA!$O$7=DATA!$T$28,PERIODS!H22) -> 2027-01-29 | D26: =DATA!Q25 -> 405 | E26: =(((1+DATA!I25%)/(1+DATA!R25%))-1)*100 -> 4.5289636 | F26: =((((DATA!I25/100)+1)^(D26/252))/(((DATA!R25/100)+1)^(D26/252))) -> 1.0737818 | G26: =(F26*$F$5) -> 7833.7321 | H26: =(F26-1) -> 0.073781793 | I26: =(G26/G25)-1 -> 0.0047066466 | K26: 19 | L26: =_xlfn.IFS(IPCA!$O$7=DATA!$T$26,PERIODS!M22,IPCA!$O$7=DATA!$T$27,PERIODS!O22,IPCA!$O$7=DATA!$T$28,PERIODS!Q22) -> 2025-07-31 | M26: 399 | N26: =(((1+DATA!I84%)/(1+DATA!R84%))-1)*100 -> 4.1199634 | O26: =((((DATA!I84/100)+1)^(M26/252))/(((DATA!R84/100)+1)^(M26/252))) -> 1.0660122 | P26: =(O26*$N$5) -> #VALUE! | Q26: =(O26-1) -> 0.066012206 | R26: =(P26/P25)-1 -> #VALUE! | T26: 19 | U26: =_xlfn.IFS(IPCA!$O$7=DATA!$T$26,PERIODS!V22,IPCA!$O$7=DATA!$T$27,PERIODS!X22,IPCA!$O$7=DATA!$T$28,PERIODS!Z22) -> 2025-01-30 | V26: 399 | W26: =(((1+DATA!I144%)/(1+DATA!R144%))-1)*100 -> 4.107006 | X26: =((((DATA!I144/100)+1)^(V26/252))/(((DATA!R144/100)+1)^(V26/252))) -> 1.0658022 | Y26: =(X26*$V$5) -> 7103.8699 | Z26: =(X26-1) -> 0.065802166 | AA26: =(Y26/Y25)-1 -> 0.0025794748 | AC26: =N26-W26 -> 0.0129574
B27: 20 | C27: =_xlfn.IFS(IPCA!$O$7=DATA!$T$26,PERIODS!D23,IPCA!$O$7=DATA!$T$27,PERIODS!F23,IPCA!$O$7=DATA!$T$28,PERIODS!H23) -> 2027-02-26 | D27: =DATA!Q26 -> 423 | E27: =(((1+DATA!I26%)/(1+DATA!R26%))-1)*100 -> 4.5980838 | F27: =((((DATA!I26/100)+1)^(D27/252))/(((DATA!R26/100)+1)^(D27/252))) -> 1.0783804 | G27: =(F27*$F$5) -> 7867.2808 | H27: =(F27-1) -> 0.078380368 | I27: =(G27/G26)-1 -> 0.0042825972 | K27: 20 | L27: =_xlfn.IFS(IPCA!$O$7=DATA!$T$26,PERIODS!M23,IPCA!$O$7=DATA!$T$27,PERIODS!O23,IPCA!$O$7=DATA!$T$28,PERIODS!Q23) -> 2025-08-29 | M27: 420 | N27: =(((1+DATA!I85%)/(1+DATA!R85%))-1)*100 -> 4.1113756 | O27: =((((DATA!I85/100)+1)^(M27/252))/(((DATA!R85/100)+1)^(M27/252))) -> 1.0694578 | P27: =(O27*$N$5) -> #VALUE! | Q27: =(O27-1) -> 0.069457772 | R27: =(P27/P26)-1 -> #VALUE! | T27: 20 | U27: =_xlfn.IFS(IPCA!$O$7=DATA!$T$26,PERIODS!V23,IPCA!$O$7=DATA!$T$27,PERIODS!X23,IPCA!$O$7=DATA!$T$28,PERIODS!Z23) -> 2025-02-28 | V27: 420 | W27: =(((1+DATA!I145%)/(1+DATA!R145%))-1)*100 -> 4.0414704 | X27: =((((DATA!I145/100)+1)^(V27/252))/(((DATA!R145/100)+1)^(V27/252))) -> 1.0682612 | Y27: =(X27*$V$5) -> 7120.2602 | Z27: =(X27-1) -> 0.068261235 | AA27: =(Y27/Y26)-1 -> 0.0023072469 | AC27: =N27-W27 -> 0.069905177
B28: 21 | C28: =_xlfn.IFS(IPCA!$O$7=DATA!$T$26,PERIODS!D24,IPCA!$O$7=DATA!$T$27,PERIODS!F24,IPCA!$O$7=DATA!$T$28,PERIODS!H24) -> 2027-03-30 | D28: =DATA!Q27 -> 444 | E28: =(((1+DATA!I27%)/(1+DATA!R27%))-1)*100 -> 4.679711 | F28: =((((DATA!I27/100)+1)^(D28/252))/(((DATA!R27/100)+1)^(D28/252))) -> 1.0839166 | G28: =(F28*$F$5) -> 7907.6701 | H28: =(F28-1) -> 0.08391658 | I28: =(G28/G27)-1 -> 0.0051338218 | K28: 21 | L28: =_xlfn.IFS(IPCA!$O$7=DATA!$T$26,PERIODS!M24,IPCA!$O$7=DATA!$T$27,PERIODS!O24,IPCA!$O$7=DATA!$T$28,PERIODS!Q24) -> 2025-09-30 | M28: 441 | N28: =(((1+DATA!I86%)/(1+DATA!R86%))-1)*100 -> 4.0973995 | O28: =((((DATA!I86/100)+1)^(M28/252))/(((DATA!R86/100)+1)^(M28/252))) -> 1.0728025 | P28: =(O28*$N$5) -> #VALUE! | Q28: =(O28-1) -> 0.072802534 | R28: =(P28/P27)-1 -> #VALUE! | T28: 21 | U28: =_xlfn.IFS(IPCA!$O$7=DATA!$T$26,PERIODS!V24,IPCA!$O$7=DATA!$T$27,PERIODS!X24,IPCA!$O$7=DATA!$T$28,PERIODS!Z24) -> 2025-03-28 | V28: 441 | W28: =(((1+DATA!I146%)/(1+DATA!R146%))-1)*100 -> 3.9892139 | X28: =((((DATA!I146/100)+1)^(V28/252))/(((DATA!R146/100)+1)^(V28/252))) -> 1.0708522 | Y28: =(X28*$V$5) -> 7137.5295 | Z28: =(X28-1) -> 0.070852159 | AA28: =(Y28/Y27)-1 -> 0.0024253657 | AC28: =N28-W28 -> 0.10818563
B29: 22 | C29: =_xlfn.IFS(IPCA!$O$7=DATA!$T$26,PERIODS!D25,IPCA!$O$7=DATA!$T$27,PERIODS!F25,IPCA!$O$7=DATA!$T$28,PERIODS!H25) -> 2027-04-30 | D29: =DATA!Q28 -> 466 | E29: =(((1+DATA!I28%)/(1+DATA!R28%))-1)*100 -> 4.7552227 | F29: =((((DATA!I28/100)+1)^(D29/252))/(((DATA!R28/100)+1)^(D29/252))) -> 1.0897052 | G29: =(F29*$F$5) -> 7949.9003 | H29: =(F29-1) -> 0.089705152 | I29: =(G29/G28)-1 -> 0.0053404217 | K29: 22 | L29: =_xlfn.IFS(IPCA!$O$7=DATA!$T$26,PERIODS!M25,IPCA!$O$7=DATA!$T$27,PERIODS!O25,IPCA!$O$7=DATA!$T$28,PERIODS!Q25) -> 2025-10-31 | M29: 462 | N29: =(((1+DATA!I87%)/(1+DATA!R87%))-1)*100 -> 4.0710644 | O29: =((((DATA!I87/100)+1)^(M29/252))/(((DATA!R87/100)+1)^(M29/252))) -> 1.0758994 | P29: =(O29*$N$5) -> #VALUE! | Q29: =(O29-1) -> 0.075899388 | R29: =(P29/P28)-1 -> #VALUE! | T29: 22 | U29: =_xlfn.IFS(IPCA!$O$7=DATA!$T$26,PERIODS!V25,IPCA!$O$7=DATA!$T$27,PERIODS!X25,IPCA!$O$7=DATA!$T$28,PERIODS!Z25) -> 2025-04-30 | V29: 462 | W29: =(((1+DATA!I147%)/(1+DATA!R147%))-1)*100 -> 3.928677 | X29: =((((DATA!I147/100)+1)^(V29/252))/(((DATA!R147/100)+1)^(V29/252))) -> 1.0732022 | Y29: =(X29*$V$5) -> 7153.1933 | Z29: =(X29-1) -> 0.073202224 | AA29: =(Y29/Y28)-1 -> 0.0021945751 | AC29: =N29-W29 -> 0.14238749
B30: 23 | C30: =_xlfn.IFS(IPCA!$O$7=DATA!$T$26,PERIODS!D26,IPCA!$O$7=DATA!$T$27,PERIODS!F26,IPCA!$O$7=DATA!$T$28,PERIODS!H26) -> 2027-05-28 | D30: =DATA!Q29 -> 485 | E30: =(((1+DATA!I29%)/(1+DATA!R29%))-1)*100 -> 4.8086713 | F30: =((((DATA!I29/100)+1)^(D30/252))/(((DATA!R29/100)+1)^(D30/252))) -> 1.0946028 | G30: =(F30*$F$5) -> 7985.6308 | H30: =(F30-1) -> 0.094602775 | I30: =(G30/G29)-1 -> 0.0044944483 | K30: 23 | L30: =_xlfn.IFS(IPCA!$O$7=DATA!$T$26,PERIODS!M26,IPCA!$O$7=DATA!$T$27,PERIODS!O26,IPCA!$O$7=DATA!$T$28,PERIODS!Q26) -> 2025-11-28 | M30: 483 | N30: =(((1+DATA!I88%)/(1+DATA!R88%))-1)*100 -> 4.0470856 | O30: =((((DATA!I88/100)+1)^(M30/252))/(((DATA!R88/100)+1)^(M30/252))) -> 1.0790064 | P30: =(O30*$N$5) -> #VALUE! | Q30: =(O30-1) -> 0.079006382 | R30: =(P30/P29)-1 -> #VALUE! | T30: 23 | U30: =_xlfn.IFS(IPCA!$O$7=DATA!$T$26,PERIODS!V26,IPCA!$O$7=DATA!$T$27,PERIODS!X26,IPCA!$O$7=DATA!$T$28,PERIODS!Z26) -> 2025-05-30 | V30: 483 | W30: =(((1+DATA!I148%)/(1+DATA!R148%))-1)*100 -> 3.8711889 | X30: =((((DATA!I148/100)+1)^(V30/252))/(((DATA!R148/100)+1)^(V30/252))) -> 1.0755129 | Y30: =(X30*$V$5) -> 7168.5944 | Z30: =(X30-1) -> 0.075512873 | AA30: =(Y30/Y29)-1 -> 0.0021530412 | AC30: =N30-W30 -> 0.17589675
A31: 2Y | B31: 24 | C31: =_xlfn.IFS(IPCA!$O$7=DATA!$T$26,PERIODS!D27,IPCA!$O$7=DATA!$T$27,PERIODS!F27,IPCA!$O$7=DATA!$T$28,PERIODS!H27) -> 2027-06-30 | D31: =DATA!Q30 -> 508 | E31: =(((1+DATA!I30%)/(1+DATA!R30%))-1)*100 -> 4.8608 | F31: =((((DATA!I30/100)+1)^(D31/252))/(((DATA!R30/100)+1)^(D31/252))) -> 1.1004075 | G31: =(F31*$F$5) -> 8027.9786 | H31: =(F31-1) -> 0.10040746 | I31: =(G31/G30)-1 -> 0.0053030075 | K31: 24 | L31: =_xlfn.IFS(IPCA!$O$7=DATA!$T$26,PERIODS!M27,IPCA!$O$7=DATA!$T$27,PERIODS!O27,IPCA!$O$7=DATA!$T$28,PERIODS!Q27) -> 2025-12-31 | M31: 504 | N31: =(((1+DATA!I89%)/(1+DATA!R89%))-1)*100 -> 4.0278537 | O31: =((((DATA!I89/100)+1)^(M31/252))/(((DATA!R89/100)+1)^(M31/252))) -> 1.0821794 | P31: =(O31*$N$5) -> #VALUE! | Q31: =(O31-1) -> 0.082179435 | R31: =(P31/P30)-1 -> #VALUE! | T31: 24 | U31: =_xlfn.IFS(IPCA!$O$7=DATA!$T$26,PERIODS!V27,IPCA!$O$7=DATA!$T$27,PERIODS!X27,IPCA!$O$7=DATA!$T$28,PERIODS!Z27) -> 2025-06-30 | V31: 504 | W31: =(((1+DATA!I149%)/(1+DATA!R149%))-1)*100 -> 3.8233917 | X31: =((((DATA!I149/100)+1)^(V31/252))/(((DATA!R149/100)+1)^(V31/252))) -> 1.0779297 | Y31: =(X31*$V$5) -> 7184.703 | Z31: =(X31-1) -> 0.077929666 | AA31: =(Y31/Y30)-1 -> 0.0022471078 | AC31: =N31-W31 -> 0.20446202
B32: 25 | C32: =_xlfn.IFS(IPCA!$O$7=DATA!$T$26,PERIODS!D28,IPCA!$O$7=DATA!$T$27,PERIODS!F28,IPCA!$O$7=DATA!$T$28,PERIODS!H28) -> 2027-07-30 | D32: =DATA!Q31 -> 530 | E32: =(((1+DATA!I31%)/(1+DATA!R31%))-1)*100 -> 4.9028292 | F32: =((((DATA!I31/100)+1)^(D32/252))/(((DATA!R31/100)+1)^(D32/252))) -> 1.1059083 | G32: =(F32*$F$5) -> 8068.1097 | H32: =(F32-1) -> 0.10590829 | I32: =(G32/G31)-1 -> 0.0049989006 | K32: 25 | L32: =_xlfn.IFS(IPCA!$O$7=DATA!$T$26,PERIODS!M28,IPCA!$O$7=DATA!$T$27,PERIODS!O28,IPCA!$O$7=DATA!$T$28,PERIODS!Q28) -> 2026-01-30 | M32: 525 | N32: =(((1+DATA!I90%)/(1+DATA!R90%))-1)*100 -> 4.0252792 | O32: =((((DATA!I90/100)+1)^(M32/252))/(((DATA!R90/100)+1)^(M32/252))) -> 1.0856905 | P32: =(O32*$N$5) -> #VALUE! | Q32: =(O32-1) -> 0.085690459 | R32: =(P32/P31)-1 -> #VALUE! | T32: 25 | U32: =_xlfn.IFS(IPCA!$O$7=DATA!$T$26,PERIODS!V28,IPCA!$O$7=DATA!$T$27,PERIODS!X28,IPCA!$O$7=DATA!$T$28,PERIODS!Z28) -> 2025-07-30 | V32: 525 | W32: =(((1+DATA!I150%)/(1+DATA!R150%))-1)*100 -> 3.7813374 | X32: =((((DATA!I150/100)+1)^(V32/252))/(((DATA!R150/100)+1)^(V32/252))) -> 1.0803931 | Y32: =(X32*$V$5) -> 7201.1225 | Z32: =(X32-1) -> 0.080393089 | AA32: =(Y32/Y31)-1 -> 0.002285328 | AC32: =N32-W32 -> 0.24394186
B33: 26 | C33: =_xlfn.IFS(IPCA!$O$7=DATA!$T$26,PERIODS!D29,IPCA!$O$7=DATA!$T$27,PERIODS!F29,IPCA!$O$7=DATA!$T$28,PERIODS!H29) -> 2027-08-30 | D33: =DATA!Q32 -> 551 | E33: =(((1+DATA!I32%)/(1+DATA!R32%))-1)*100 -> 4.9344607 | F33: =((((DATA!I32/100)+1)^(D33/252))/(((DATA!R32/100)+1)^(D33/252))) -> 1.1110604 | G33: =(F33*$F$5) -> 8105.6967 | H33: =(F33-1) -> 0.1110604 | I33: =(G33/G32)-1 -> 0.004658712 | K33: 26 | L33: =_xlfn.IFS(IPCA!$O$7=DATA!$T$26,PERIODS!M29,IPCA!$O$7=DATA!$T$27,PERIODS!O29,IPCA!$O$7=DATA!$T$28,PERIODS!Q29) -> 2026-02-27 | M33: 546 | N33: =(((1+DATA!I91%)/(1+DATA!R91%))-1)*100 -> 4.0318084 | O33: =((((DATA!I91/100)+1)^(M33/252))/(((DATA!R91/100)+1)^(M33/252))) -> 1.0894149 | P33: =(O33*$N$5) -> #VALUE! | Q33: =(O33-1) -> 0.089414925 | R33: =(P33/P32)-1 -> #VALUE! | T33: 26 | U33: =_xlfn.IFS(IPCA!$O$7=DATA!$T$26,PERIODS!V29,IPCA!$O$7=DATA!$T$27,PERIODS!X29,IPCA!$O$7=DATA!$T$28,PERIODS!Z29) -> 2025-08-29 | V33: 546 | W33: =(((1+DATA!I151%)/(1+DATA!R151%))-1)*100 -> 3.7452771 | X33: =((((DATA!I151/100)+1)^(V33/252))/(((DATA!R151/100)+1)^(V33/252))) -> 1.0829242 | Y33: =(X33*$V$5) -> 7217.993 | Z33: =(X33-1) -> 0.0829242 | AA33: =(Y33/Y32)-1 -> 0.0023427679 | AC33: =N33-W33 -> 0.28653138
B34: 27 | C34: =_xlfn.IFS(IPCA!$O$7=DATA!$T$26,PERIODS!D30,IPCA!$O$7=DATA!$T$27,PERIODS!F30,IPCA!$O$7=DATA!$T$28,PERIODS!H30) -> 2027-09-30 | D34: =DATA!Q33 -> 573 | E34: =(((1+DATA!I33%)/(1+DATA!R33%))-1)*100 -> 4.9555559 | F34: =((((DATA!I33/100)+1)^(D34/252))/(((DATA!R33/100)+1)^(D34/252))) -> 1.1162523 | G34: =(F34*$F$5) -> 8143.5738 | H34: =(F34-1) -> 0.11625227 | I34: =(G34/G33)-1 -> 0.0046728961 | K34: 27 | L34: =_xlfn.IFS(IPCA!$O$7=DATA!$T$26,PERIODS!M30,IPCA!$O$7=DATA!$T$27,PERIODS!O30,IPCA!$O$7=DATA!$T$28,PERIODS!Q30) -> 2026-03-31 | M34: 567 | N34: =(((1+DATA!I92%)/(1+DATA!R92%))-1)*100 -> 4.0434988 | O34: =((((DATA!I92/100)+1)^(M34/252))/(((DATA!R92/100)+1)^(M34/252))) -> 1.0932856 | P34: =(O34*$N$5) -> #VALUE! | Q34: =(O34-1) -> 0.093285615 | R34: =(P34/P33)-1 -> #VALUE! | T34: 27 | U34: =_xlfn.IFS(IPCA!$O$7=DATA!$T$26,PERIODS!V30,IPCA!$O$7=DATA!$T$27,PERIODS!X30,IPCA!$O$7=DATA!$T$28,PERIODS!Z30) -> 2025-09-30 | V34: 567 | W34: =(((1+DATA!I152%)/(1+DATA!R152%))-1)*100 -> 3.7082124 | X34: =((((DATA!I152/100)+1)^(V34/252))/(((DATA!R152/100)+1)^(V34/252))) -> 1.0853744 | Y34: =(X34*$V$5) -> 7234.3244 | Z34: =(X34-1) -> 0.085374425 | AA34: =(Y34/Y33)-1 -> 0.0022626008 | AC34: =N34-W34 -> 0.33528644
B35: 28 | C35: =_xlfn.IFS(IPCA!$O$7=DATA!$T$26,PERIODS!D31,IPCA!$O$7=DATA!$T$27,PERIODS!F31,IPCA!$O$7=DATA!$T$28,PERIODS!H31) -> 2027-10-29 | D35: =DATA!Q34 -> 593 | E35: =(((1+DATA!I34%)/(1+DATA!R34%))-1)*100 -> 4.962576 | F35: =((((DATA!I34/100)+1)^(D35/252))/(((DATA!R34/100)+1)^(D35/252))) -> 1.1207218 | G35: =(F35*$F$5) -> 8176.1808 | H35: =(F35-1) -> 0.12072176 | I35: =(G35/G34)-1 -> 0.0040040185 | K35: 28 | L35: =_xlfn.IFS(IPCA!$O$7=DATA!$T$26,PERIODS!M31,IPCA!$O$7=DATA!$T$27,PERIODS!O31,IPCA!$O$7=DATA!$T$28,PERIODS!Q31) -> 2026-04-30 | M35: 588 | N35: =(((1+DATA!I93%)/(1+DATA!R93%))-1)*100 -> 4.0523725 | O35: =((((DATA!I93/100)+1)^(M35/252))/(((DATA!R93/100)+1)^(M35/252))) -> 1.0971213 | P35: =(O35*$N$5) -> #VALUE! | Q35: =(O35-1) -> 0.097121274 | R35: =(P35/P34)-1 -> #VALUE! | T35: 28 | U35: =_xlfn.IFS(IPCA!$O$7=DATA!$T$26,PERIODS!V31,IPCA!$O$7=DATA!$T$27,PERIODS!X31,IPCA!$O$7=DATA!$T$28,PERIODS!Z31) -> 2025-10-30 | V35: 588 | W35: =(((1+DATA!I153%)/(1+DATA!R153%))-1)*100 -> 3.6659884 | X35: =((((DATA!I153/100)+1)^(V35/252))/(((DATA!R153/100)+1)^(V35/252))) -> 1.0876388 | Y35: =(X35*$V$5) -> 7249.417 | Z35: =(X35-1) -> 0.087638778 | AA35: =(Y35/Y34)-1 -> 0.0020862416 | AC35: =N35-W35 -> 0.38638409
B36: 29 | C36: =_xlfn.IFS(IPCA!$O$7=DATA!$T$26,PERIODS!D32,IPCA!$O$7=DATA!$T$27,PERIODS!F32,IPCA!$O$7=DATA!$T$28,PERIODS!H32) -> 2027-11-30 | D36: =DATA!Q35 -> 613 | E36: =(((1+DATA!I35%)/(1+DATA!R35%))-1)*100 -> 4.9617769 | F36: =((((DATA!I35/100)+1)^(D36/252))/(((DATA!R35/100)+1)^(D36/252))) -> 1.1250172 | G36: =(F36*$F$5) -> 8207.5181 | H36: =(F36-1) -> 0.12501721 | I36: =(G36/G35)-1 -> 0.0038327506 | K36: 29 | L36: =_xlfn.IFS(IPCA!$O$7=DATA!$T$26,PERIODS!M32,IPCA!$O$7=DATA!$T$27,PERIODS!O32,IPCA!$O$7=DATA!$T$28,PERIODS!Q32) -> 2026-05-29 | M36: 609 | N36: =(((1+DATA!I94%)/(1+DATA!R94%))-1)*100 -> 4.060471 | O36: =((((DATA!I94/100)+1)^(M36/252))/(((DATA!R94/100)+1)^(M36/252))) -> 1.1009662 | P36: =(O36*$N$5) -> #VALUE! | Q36: =(O36-1) -> 0.1009662 | R36: =(P36/P35)-1 -> #VALUE! | T36: 29 | U36: =_xlfn.IFS(IPCA!$O$7=DATA!$T$26,PERIODS!V32,IPCA!$O$7=DATA!$T$27,PERIODS!X32,IPCA!$O$7=DATA!$T$28,PERIODS!Z32) -> 2025-11-28 | V36: 609 | W36: =(((1+DATA!I154%)/(1+DATA!R154%))-1)*100 -> 3.6291258 | X36: =((((DATA!I154/100)+1)^(V36/252))/(((DATA!R154/100)+1)^(V36/252))) -> 1.0899697 | Y36: =(X36*$V$5) -> 7264.9534 | Z36: =(X36-1) -> 0.08996972 | AA36: =(Y36/Y35)-1 -> 0.0021431218 | AC36: =N36-W36 -> 0.43134523
A37: 2.5Y | B37: 30 | C37: =_xlfn.IFS(IPCA!$O$7=DATA!$T$26,PERIODS!D33,IPCA!$O$7=DATA!$T$27,PERIODS!F33,IPCA!$O$7=DATA!$T$28,PERIODS!H33) -> 2027-12-30 | D37: =DATA!Q36 -> 635 | E37: =(((1+DATA!I36%)/(1+DATA!R36%))-1)*100 -> 4.9578834 | F37: =((((DATA!I36/100)+1)^(D37/252))/(((DATA!R36/100)+1)^(D37/252))) -> 1.1296779 | G37: =(F37*$F$5) -> 8241.5198 | H37: =(F37-1) -> 0.12967788 | I37: =(G37/G36)-1 -> 0.0041427577 | K37: 30 | L37: =_xlfn.IFS(IPCA!$O$7=DATA!$T$26,PERIODS!M33,IPCA!$O$7=DATA!$T$27,PERIODS!O33,IPCA!$O$7=DATA!$T$28,PERIODS!Q33) -> 2026-06-30 | M37: 630 | N37: =(((1+DATA!I95%)/(1+DATA!R95%))-1)*100 -> 4.070922 | O37: =((((DATA!I95/100)+1)^(M37/252))/(((DATA!R95/100)+1)^(M37/252))) -> 1.1049014 | P37: =(O37*$N$5) -> #VALUE! | Q37: =(O37-1) -> 0.10490135 | R37: =(P37/P36)-1 -> #VALUE! | T37: 30 | U37: =_xlfn.IFS(IPCA!$O$7=DATA!$T$26,PERIODS!V33,IPCA!$O$7=DATA!$T$27,PERIODS!X33,IPCA!$O$7=DATA!$T$28,PERIODS!Z33) -> 2025-12-30 | V37: 630 | W37: =(((1+DATA!I155%)/(1+DATA!R155%))-1)*100 -> 3.6005244 | X37: =((((DATA!I155/100)+1)^(V37/252))/(((DATA!R155/100)+1)^(V37/252))) -> 1.0924583 | Y37: =(X37*$V$5) -> 7281.5407 | Z37: =(X37-1) -> 0.092458339 | AA37: =(Y37/Y36)-1 -> 0.0022832 | AC37: =N37-W37 -> 0.47039759
B38: 31 | C38: =_xlfn.IFS(IPCA!$O$7=DATA!$T$26,PERIODS!D34,IPCA!$O$7=DATA!$T$27,PERIODS!F34,IPCA!$O$7=DATA!$T$28,PERIODS!H34) -> 2028-01-28 | D38: =DATA!Q37 -> 656 | E38: =(((1+DATA!I37%)/(1+DATA!R37%))-1)*100 -> 4.9561846 | F38: =((((DATA!I37/100)+1)^(D38/252))/(((DATA!R37/100)+1)^(D38/252))) -> 1.1341946 | G38: =(F38*$F$5) -> 8274.4715 | H38: =(F38-1) -> 0.13419462 | I38: =(G38/G37)-1 -> 0.0039982521 | K38: 31 | L38: =_xlfn.IFS(IPCA!$O$7=DATA!$T$26,PERIODS!M34,IPCA!$O$7=DATA!$T$27,PERIODS!O34,IPCA!$O$7=DATA!$T$28,PERIODS!Q34) -> 2026-07-31 | M38: 651 | N38: =(((1+DATA!I96%)/(1+DATA!R96%))-1)*100 -> 4.0864636 | O38: =((((DATA!I96/100)+1)^(M38/252))/(((DATA!R96/100)+1)^(M38/252))) -> 1.1090092 | P38: =(O38*$N$5) -> #VALUE! | Q38: =(O38-1) -> 0.10900922 | R38: =(P38/P37)-1 -> #VALUE! | T38: 31 | U38: =_xlfn.IFS(IPCA!$O$7=DATA!$T$26,PERIODS!V34,IPCA!$O$7=DATA!$T$27,PERIODS!X34,IPCA!$O$7=DATA!$T$28,PERIODS!Z34) -> 2026-01-30 | V38: 651 | W38: =(((1+DATA!I156%)/(1+DATA!R156%))-1)*100 -> 3.587767 | X38: =((((DATA!I156/100)+1)^(V38/252))/(((DATA!R156/100)+1)^(V38/252))) -> 1.0953348 | Y38: =(X38*$V$5) -> 7300.7131 | Z38: =(X38-1) -> 0.095334794 | AA38: =(Y38/Y37)-1 -> 0.0026330111 | AC38: =N38-W38 -> 0.49869669
B39: 32 | C39: =_xlfn.IFS(IPCA!$O$7=DATA!$T$26,PERIODS!D35,IPCA!$O$7=DATA!$T$27,PERIODS!F35,IPCA!$O$7=DATA!$T$28,PERIODS!H35) -> 2028-02-25 | D39: =DATA!Q38 -> 676 | E39: =(((1+DATA!I38%)/(1+DATA!R38%))-1)*100 -> 4.957156 | F39: =((((DATA!I38/100)+1)^(D39/252))/(((DATA!R38/100)+1)^(D39/252))) -> 1.1385856 | G39: =(F39*$F$5) -> 8306.5054 | H39: =(F39-1) -> 0.13858555 | I39: =(G39/G38)-1 -> 0.0038714112 | K39: 32 | L39: =_xlfn.IFS(IPCA!$O$7=DATA!$T$26,PERIODS!M35,IPCA!$O$7=DATA!$T$27,PERIODS!O35,IPCA!$O$7=DATA!$T$28,PERIODS!Q35) -> 2026-08-31 | M39: 672 | N39: =(((1+DATA!I97%)/(1+DATA!R97%))-1)*100 -> 4.1007929 | O39: =((((DATA!I97/100)+1)^(M39/252))/(((DATA!R97/100)+1)^(M39/252))) -> 1.1131254 | P39: =(O39*$N$5) -> #VALUE! | Q39: =(O39-1) -> 0.11312542 | R39: =(P39/P38)-1 -> #VALUE! | T39: 32 | U39: =_xlfn.IFS(IPCA!$O$7=DATA!$T$26,PERIODS!V35,IPCA!$O$7=DATA!$T$27,PERIODS!X35,IPCA!$O$7=DATA!$T$28,PERIODS!Z35) -> 2026-02-27 | V39: 672 | W39: =(((1+DATA!I157%)/(1+DATA!R157%))-1)*100 -> 3.5860777 | X39: =((((DATA!I157/100)+1)^(V39/252))/(((DATA!R157/100)+1)^(V39/252))) -> 1.0985092 | Y39: =(X39*$V$5) -> 7321.8715 | Z39: =(X39-1) -> 0.098509214 | AA39: =(Y39/Y38)-1 -> 0.0028981272 | AC39: =N39-W39 -> 0.51471516
B40: 33 | C40: =_xlfn.IFS(IPCA!$O$7=DATA!$T$26,PERIODS!D36,IPCA!$O$7=DATA!$T$27,PERIODS!F36,IPCA!$O$7=DATA!$T$28,PERIODS!H36) -> 2028-03-30 | D40: =DATA!Q39 -> 698 | E40: =(((1+DATA!I39%)/(1+DATA!R39%))-1)*100 -> 4.9608469 | F40: =((((DATA!I39/100)+1)^(D40/252))/(((DATA!R39/100)+1)^(D40/252))) -> 1.1435163 | G40: =(F40*$F$5) -> 8342.4774 | H40: =(F40-1) -> 0.14351629 | I40: =(G40/G39)-1 -> 0.0043305809 | K40: 33 | L40: =_xlfn.IFS(IPCA!$O$7=DATA!$T$26,PERIODS!M36,IPCA!$O$7=DATA!$T$27,PERIODS!O36,IPCA!$O$7=DATA!$T$28,PERIODS!Q36) -> 2026-09-30 | M40: 693 | N40: =(((1+DATA!I98%)/(1+DATA!R98%))-1)*100 -> 4.1106383 | O40: =((((DATA!I98/100)+1)^(M40/252))/(((DATA!R98/100)+1)^(M40/252))) -> 1.1171502 | P40: =(O40*$N$5) -> #VALUE! | Q40: =(O40-1) -> 0.11715015 | R40: =(P40/P39)-1 -> #VALUE! | T40: 33 | U40: =_xlfn.IFS(IPCA!$O$7=DATA!$T$26,PERIODS!V36,IPCA!$O$7=DATA!$T$27,PERIODS!X36,IPCA!$O$7=DATA!$T$28,PERIODS!Z36) -> 2026-03-30 | V40: 693 | W40: =(((1+DATA!I158%)/(1+DATA!R158%))-1)*100 -> 3.5865246 | X40: =((((DATA!I158/100)+1)^(V40/252))/(((DATA!R158/100)+1)^(V40/252))) -> 1.1017523 | Y40: =(X40*$V$5) -> 7343.4877 | Z40: =(X40-1) -> 0.10175232 | AA40: =(Y40/Y39)-1 -> 0.0029522755 | AC40: =N40-W40 -> 0.52411368
B41: 34 | C41: =_xlfn.IFS(IPCA!$O$7=DATA!$T$26,PERIODS!D37,IPCA!$O$7=DATA!$T$27,PERIODS!F37,IPCA!$O$7=DATA!$T$28,PERIODS!H37) -> 2028-04-28 | D41: =DATA!Q40 -> 717 | E41: =(((1+DATA!I40%)/(1+DATA!R40%))-1)*100 -> 4.9662357 | F41: =((((DATA!I40/100)+1)^(D41/252))/(((DATA!R40/100)+1)^(D41/252))) -> 1.147866 | G41: =(F41*$F$5) -> 8374.2104 | H41: =(F41-1) -> 0.14786599 | I41: =(G41/G40)-1 -> 0.0038037936 | K41: 34 | L41: =_xlfn.IFS(IPCA!$O$7=DATA!$T$26,PERIODS!M37,IPCA!$O$7=DATA!$T$27,PERIODS!O37,IPCA!$O$7=DATA!$T$28,PERIODS!Q37) -> 2026-10-30 | M41: 714 | N41: =(((1+DATA!I99%)/(1+DATA!R99%))-1)*100 -> 4.1135517 | O41: =((((DATA!I99/100)+1)^(M41/252))/(((DATA!R99/100)+1)^(M41/252))) -> 1.1209956 | P41: =(O41*$N$5) -> #VALUE! | Q41: =(O41-1) -> 0.1209956 | R41: =(P41/P40)-1 -> #VALUE! | T41: 34 | U41: =_xlfn.IFS(IPCA!$O$7=DATA!$T$26,PERIODS!V37,IPCA!$O$7=DATA!$T$27,PERIODS!X37,IPCA!$O$7=DATA!$T$28,PERIODS!Z37) -> 2026-04-30 | V41: 714 | W41: =(((1+DATA!I159%)/(1+DATA!R159%))-1)*100 -> 3.5835425 | X41: =((((DATA!I159/100)+1)^(V41/252))/(((DATA!R159/100)+1)^(V41/252))) -> 1.1049021 | Y41: =(X41*$V$5) -> 7364.4822 | Z41: =(X41-1) -> 0.10490215 | AA41: =(Y41/Y40)-1 -> 0.0028589311 | AC41: =N41-W41 -> 0.53000918
B42: 35 | C42: =_xlfn.IFS(IPCA!$O$7=DATA!$T$26,PERIODS!D38,IPCA!$O$7=DATA!$T$27,PERIODS!F38,IPCA!$O$7=DATA!$T$28,PERIODS!H38) -> 2028-05-30 | D42: =DATA!Q41 -> 738 | E42: =(((1+DATA!I41%)/(1+DATA!R41%))-1)*100 -> 4.9759213 | F42: =((((DATA!I41/100)+1)^(D42/252))/(((DATA!R41/100)+1)^(D42/252))) -> 1.1528231 | G42: =(F42*$F$5) -> 8410.375 | H42: =(F42-1) -> 0.15282312 | I42: =(G42/G41)-1 -> 0.004318561 | K42: 35 | L42: =_xlfn.IFS(IPCA!$O$7=DATA!$T$26,PERIODS!M38,IPCA!$O$7=DATA!$T$27,PERIODS!O38,IPCA!$O$7=DATA!$T$28,PERIODS!Q38) -> 2026-11-30 | M42: 735 | N42: =(((1+DATA!I100%)/(1+DATA!R100%))-1)*100 -> 4.1148791 | O42: =((((DATA!I100/100)+1)^(M42/252))/(((DATA!R100/100)+1)^(M42/252))) -> 1.1248096 | P42: =(O42*$N$5) -> #VALUE! | Q42: =(O42-1) -> 0.12480956 | R42: =(P42/P41)-1 -> #VALUE! | T42: 35 | U42: =_xlfn.IFS(IPCA!$O$7=DATA!$T$26,PERIODS!V38,IPCA!$O$7=DATA!$T$27,PERIODS!X38,IPCA!$O$7=DATA!$T$28,PERIODS!Z38) -> 2026-05-29 | V42: 735 | W42: =(((1+DATA!I160%)/(1+DATA!R160%))-1)*100 -> 3.5798169 | X42: =((((DATA!I160/100)+1)^(V42/252))/(((DATA!R160/100)+1)^(V42/252))) -> 1.1080325 | Y42: =(X42*$V$5) -> 7385.3467 | Z42: =(X42-1) -> 0.10803247 | AA42: =(Y42/Y41)-1 -> 0.0028331246 | AC42: =N42-W42 -> 0.53506217
A43: 3Y | B43: 36 | C43: =_xlfn.IFS(IPCA!$O$7=DATA!$T$26,PERIODS!D39,IPCA!$O$7=DATA!$T$27,PERIODS!F39,IPCA!$O$7=DATA!$T$28,PERIODS!H39) -> 2028-06-30 | D43: =DATA!Q42 -> 760 | E43: =(((1+DATA!I42%)/(1+DATA!R42%))-1)*100 -> 4.9923045 | F43: =((((DATA!I42/100)+1)^(D43/252))/(((DATA!R42/100)+1)^(D43/252))) -> 1.1582658 | G43: =(F43*$F$5) -> 8450.0819 | H43: =(F43-1) -> 0.15826581 | I43: =(G43/G42)-1 -> 0.0047211866 | K43: 36 | L43: =_xlfn.IFS(IPCA!$O$7=DATA!$T$26,PERIODS!M39,IPCA!$O$7=DATA!$T$27,PERIODS!O39,IPCA!$O$7=DATA!$T$28,PERIODS!Q39) -> 2026-12-31 | M43: 756 | N43: =(((1+DATA!I101%)/(1+DATA!R101%))-1)*100 -> 4.1225964 | O43: =((((DATA!I101/100)+1)^(M43/252))/(((DATA!R101/100)+1)^(M43/252))) -> 1.1288467 | P43: =(O43*$N$5) -> #VALUE! | Q43: =(O43-1) -> 0.1288467 | R43: =(P43/P42)-1 -> #VALUE! | T43: 36 | U43: =_xlfn.IFS(IPCA!$O$7=DATA!$T$26,PERIODS!V39,IPCA!$O$7=DATA!$T$27,PERIODS!X39,IPCA!$O$7=DATA!$T$28,PERIODS!Z39) -> 2026-06-30 | V43: 756 | W43: =(((1+DATA!I161%)/(1+DATA!R161%))-1)*100 -> 3.5799232 | X43: =((((DATA!I161/100)+1)^(V43/252))/(((DATA!R161/100)+1)^(V43/252))) -> 1.1112883 | Y43: =(X43*$V$5) -> 7407.0479 | Z43: =(X43-1) -> 0.11128833 | AA43: =(Y43/Y42)-1 -> 0.0029384124 | AC43: =N43-W43 -> 0.5426732
B44: 37 | C44: =_xlfn.IFS(IPCA!$O$7=DATA!$T$26,PERIODS!D40,IPCA!$O$7=DATA!$T$27,PERIODS!F40,IPCA!$O$7=DATA!$T$28,PERIODS!H40) -> 2028-07-28 | D44: =DATA!Q43 -> 780 | E44: =(((1+DATA!I43%)/(1+DATA!R43%))-1)*100 -> 5.0140426 | F44: =((((DATA!I43/100)+1)^(D44/252))/(((DATA!R43/100)+1)^(D44/252))) -> 1.1634981 | G44: =(F44*$F$5) -> 8488.2541 | H44: =(F44-1) -> 0.16349813 | I44: =(G44/G43)-1 -> 0.0045173754 | K44: 37 | L44: =_xlfn.IFS(IPCA!$O$7=DATA!$T$26,PERIODS!M40,IPCA!$O$7=DATA!$T$27,PERIODS!O40,IPCA!$O$7=DATA!$T$28,PERIODS!Q40) -> 2027-01-29 | M44: 777 | N44: =(((1+DATA!I102%)/(1+DATA!R102%))-1)*100 -> 4.1401691 | O44: =((((DATA!I102/100)+1)^(M44/252))/(((DATA!R102/100)+1)^(M44/252))) -> 1.1332429 | P44: =(O44*$N$5) -> #VALUE! | Q44: =(O44-1) -> 0.13324295 | R44: =(P44/P43)-1 -> #VALUE! | T44: 37 | U44: =_xlfn.IFS(IPCA!$O$7=DATA!$T$26,PERIODS!V40,IPCA!$O$7=DATA!$T$27,PERIODS!X40,IPCA!$O$7=DATA!$T$28,PERIODS!Z40) -> 2026-07-30 | V44: 777 | W44: =(((1+DATA!I162%)/(1+DATA!R162%))-1)*100 -> 3.5878726 | X44: =((((DATA!I162/100)+1)^(V44/252))/(((DATA!R162/100)+1)^(V44/252))) -> 1.1148142 | Y44: =(X44*$V$5) -> 7430.5487 | Z44: =(X44-1) -> 0.11481418 | AA44: =(Y44/Y43)-1 -> 0.0031727606 | AC44: =N44-W44 -> 0.55229643
B45: 38 | C45: =_xlfn.IFS(IPCA!$O$7=DATA!$T$26,PERIODS!D41,IPCA!$O$7=DATA!$T$27,PERIODS!F41,IPCA!$O$7=DATA!$T$28,PERIODS!H41) -> 2028-08-30 | D45: =DATA!Q44 -> 803 | E45: =(((1+DATA!I44%)/(1+DATA!R44%))-1)*100 -> 5.0457385 | F45: =((((DATA!I44/100)+1)^(D45/252))/(((DATA!R44/100)+1)^(D45/252))) -> 1.1698295 | G45: =(F45*$F$5) -> 8534.4442 | H45: =(F45-1) -> 0.16982949 | I45: =(G45/G44)-1 -> 0.0054416536 | K45: 38 | L45: =_xlfn.IFS(IPCA!$O$7=DATA!$T$26,PERIODS!M41,IPCA!$O$7=DATA!$T$27,PERIODS!O41,IPCA!$O$7=DATA!$T$28,PERIODS!Q41) -> 2027-02-26 | M45: 798 | N45: =(((1+DATA!I103%)/(1+DATA!R103%))-1)*100 -> 4.1618219 | O45: =((((DATA!I103/100)+1)^(M45/252))/(((DATA!R103/100)+1)^(M45/252))) -> 1.1378293 | P45: =(O45*$N$5) -> #VALUE! | Q45: =(O45-1) -> 0.13782935 | R45: =(P45/P44)-1 -> #VALUE! | T45: 38 | U45: =_xlfn.IFS(IPCA!$O$7=DATA!$T$26,PERIODS!V41,IPCA!$O$7=DATA!$T$27,PERIODS!X41,IPCA!$O$7=DATA!$T$28,PERIODS!Z41) -> 2026-08-28 | V45: 798 | W45: =(((1+DATA!I163%)/(1+DATA!R163%))-1)*100 -> 3.5987243 | X45: =((((DATA!I163/100)+1)^(V45/252))/(((DATA!R163/100)+1)^(V45/252))) -> 1.1184647 | Y45: =(X45*$V$5) -> 7454.8805 | Z45: =(X45-1) -> 0.11846472 | AA45: =(Y45/Y44)-1 -> 0.0032745717 | AC45: =N45-W45 -> 0.5630976
B46: 39 | C46: =_xlfn.IFS(IPCA!$O$7=DATA!$T$26,PERIODS!D42,IPCA!$O$7=DATA!$T$27,PERIODS!F42,IPCA!$O$7=DATA!$T$28,PERIODS!H42) -> 2028-09-29 | D46: =DATA!Q45 -> 824 | E46: =(((1+DATA!I45%)/(1+DATA!R45%))-1)*100 -> 5.0777233 | F46: =((((DATA!I45/100)+1)^(D46/252))/(((DATA!R45/100)+1)^(D46/252))) -> 1.175808 | G46: =(F46*$F$5) -> 8578.0605 | H46: =(F46-1) -> 0.17580804 | I46: =(G46/G45)-1 -> 0.005110617 | K46: 39 | L46: =_xlfn.IFS(IPCA!$O$7=DATA!$T$26,PERIODS!M42,IPCA!$O$7=DATA!$T$27,PERIODS!O42,IPCA!$O$7=DATA!$T$28,PERIODS!Q42) -> 2027-03-31 | M46: 819 | N46: =(((1+DATA!I104%)/(1+DATA!R104%))-1)*100 -> 4.1900709 | O46: =((((DATA!I104/100)+1)^(M46/252))/(((DATA!R104/100)+1)^(M46/252))) -> 1.1427088 | P46: =(O46*$N$5) -> #VALUE! | Q46: =(O46-1) -> 0.14270883 | R46: =(P46/P45)-1 -> #VALUE! | T46: 39 | U46: =_xlfn.IFS(IPCA!$O$7=DATA!$T$26,PERIODS!V42,IPCA!$O$7=DATA!$T$27,PERIODS!X42,IPCA!$O$7=DATA!$T$28,PERIODS!Z42) -> 2026-09-30 | V46: 819 | W46: =(((1+DATA!I164%)/(1+DATA!R164%))-1)*100 -> 3.6070793 | X46: =((((DATA!I164/100)+1)^(V46/252))/(((DATA!R164/100)+1)^(V46/252))) -> 1.1220589 | Y46: =(X46*$V$5) -> 7478.8367 | Z46: =(X46-1) -> 0.12205889 | AA46: =(Y46/Y45)-1 -> 0.0032134838 | AC46: =N46-W46 -> 0.58299161
B47: 40 | C47: =_xlfn.IFS(IPCA!$O$7=DATA!$T$26,PERIODS!D43,IPCA!$O$7=DATA!$T$27,PERIODS!F43,IPCA!$O$7=DATA!$T$28,PERIODS!H43) -> 2028-10-30 | D47: =DATA!Q46 -> 844 | E47: =(((1+DATA!I46%)/(1+DATA!R46%))-1)*100 -> 5.1077944 | F47: =((((DATA!I46/100)+1)^(D47/252))/(((DATA!R46/100)+1)^(D47/252))) -> 1.181571 | G47: =(F47*$F$5) -> 8620.1039 | H47: =(F47-1) -> 0.18157099 | I47: =(G47/G46)-1 -> 0.0049012712 | K47: 40 | L47: =_xlfn.IFS(IPCA!$O$7=DATA!$T$26,PERIODS!M43,IPCA!$O$7=DATA!$T$27,PERIODS!O43,IPCA!$O$7=DATA!$T$28,PERIODS!Q43) -> 2027-04-30 | M47: 840 | N47: =(((1+DATA!I105%)/(1+DATA!R105%))-1)*100 -> 4.2141274 | O47: =((((DATA!I105/100)+1)^(M47/252))/(((DATA!R105/100)+1)^(M47/252))) -> 1.1475069 | P47: =(O47*$N$5) -> #VALUE! | Q47: =(O47-1) -> 0.14750694 | R47: =(P47/P46)-1 -> #VALUE! | T47: 40 | U47: =_xlfn.IFS(IPCA!$O$7=DATA!$T$26,PERIODS!V43,IPCA!$O$7=DATA!$T$27,PERIODS!X43,IPCA!$O$7=DATA!$T$28,PERIODS!Z43) -> 2026-10-30 | V47: 840 | W47: =(((1+DATA!I165%)/(1+DATA!R165%))-1)*100 -> 3.6081693 | X47: =((((DATA!I165/100)+1)^(V47/252))/(((DATA!R165/100)+1)^(V47/252))) -> 1.1254166 | Y47: =(X47*$V$5) -> 7501.2171 | Z47: =(X47-1) -> 0.12541664 | AA47: =(Y47/Y46)-1 -> 0.0029924938 | AC47: =N47-W47 -> 0.60595809
A48: 4Y | B48: 48 | C48: =_xlfn.IFS(IPCA!$O$7=DATA!$T$26,PERIODS!D44,IPCA!$O$7=DATA!$T$27,PERIODS!F44,IPCA!$O$7=DATA!$T$28,PERIODS!H44) -> 2029-06-29 | D48: =DATA!Q47 -> 1008 | E48: =(((1+DATA!I47%)/(1+DATA!R47%))-1)*100 -> 5.3834891 | F48: =((((DATA!I47/100)+1)^(D48/252))/(((DATA!R47/100)+1)^(D48/252))) -> 1.2333612 | G48: =(F48*$F$5) -> 8997.9376 | H48: =(F48-1) -> 0.23336123 | I48: =(G48/G47)-1 -> 0.04383168 | K48: 48 | L48: =_xlfn.IFS(IPCA!$O$7=DATA!$T$26,PERIODS!M44,IPCA!$O$7=DATA!$T$27,PERIODS!O44,IPCA!$O$7=DATA!$T$28,PERIODS!Q44) -> 2027-12-31 | M48: 1008 | N48: =(((1+DATA!I106%)/(1+DATA!R106%))-1)*100 -> 4.3677187 | O48: =((((DATA!I106/100)+1)^(M48/252))/(((DATA!R106/100)+1)^(M48/252))) -> 1.1864919 | P48: =(O48*$N$5) -> #VALUE! | Q48: =(O48-1) -> 0.18649186 | R48: =(P48/P47)-1 -> #VALUE! | T48: 48 | U48: =_xlfn.IFS(IPCA!$O$7=DATA!$T$26,PERIODS!V44,IPCA!$O$7=DATA!$T$27,PERIODS!X44,IPCA!$O$7=DATA!$T$28,PERIODS!Z44) -> 2027-06-30 | V48: 1008 | W48: =(((1+DATA!I166%)/(1+DATA!R166%))-1)*100 -> 3.6885476 | X48: =((((DATA!I166/100)+1)^(V48/252))/(((DATA!R166/100)+1)^(V48/252))) -> 1.1559077 | Y48: =(X48*$V$5) -> 7704.4486 | Z48: =(X48-1) -> 0.15590772 | AA48: =(Y48/Y47)-1 -> 0.027093146 | AC48: =N48-W48 -> 0.67917109
A49: 5Y | B49: 60 | C49: =_xlfn.IFS(IPCA!$O$7=DATA!$T$26,PERIODS!D45,IPCA!$O$7=DATA!$T$27,PERIODS!F45,IPCA!$O$7=DATA!$T$28,PERIODS!H45) -> 2030-06-28 | D49: =DATA!Q48 -> 1256 | E49: =(((1+DATA!I48%)/(1+DATA!R48%))-1)*100 -> 5.5332979 | F49: =((((DATA!I48/100)+1)^(D49/252))/(((DATA!R48/100)+1)^(D49/252))) -> 1.3079053 | G49: =(F49*$F$5) -> 9541.7705 | H49: =(F49-1) -> 0.30790526 | I49: =(G49/G48)-1 -> 0.060439738 | K49: 60 | L49: =_xlfn.IFS(IPCA!$O$7=DATA!$T$26,PERIODS!M45,IPCA!$O$7=DATA!$T$27,PERIODS!O45,IPCA!$O$7=DATA!$T$28,PERIODS!Q45) -> 2028-12-29 | M49: 1260 | N49: =(((1+DATA!I107%)/(1+DATA!R107%))-1)*100 -> 4.5319983 | O49: =((((DATA!I107/100)+1)^(M49/252))/(((DATA!R107/100)+1)^(M49/252))) -> 1.248091 | P49: =(O49*$N$5) -> #VALUE! | Q49: =(O49-1) -> 0.24809103 | R49: =(P49/P48)-1 -> #VALUE! | T49: 60 | U49: =_xlfn.IFS(IPCA!$O$7=DATA!$T$26,PERIODS!V45,IPCA!$O$7=DATA!$T$27,PERIODS!X45,IPCA!$O$7=DATA!$T$28,PERIODS!Z45) -> 2028-06-30 | V49: 1260 | W49: =(((1+DATA!I167%)/(1+DATA!R167%))-1)*100 -> 3.8199482 | X49: =((((DATA!I167/100)+1)^(V49/252))/(((DATA!R167/100)+1)^(V49/252))) -> 1.2061575 | Y49: =(X49*$V$5) -> 8039.3778 | Z49: =(X49-1) -> 0.20615755 | AA49: =(Y49/Y48)-1 -> 0.043472178 | AC49: =N49-W49 -> 0.71205011
B52: Tenor | C52: Periods | D52: Implied Inflation | E52: YoY | F52: Inflation Index | K52: Tenor | L52: Periods | M52: Implied Inflation | N52: YoY | O52: Inflation Index | T52: Tenor | U52: Periods | V52: Implied Inflation | W52: YoY | X52: Inflation Index
B53: 1 | C53: =VLOOKUP(B53,$B$8:$I$49,3,FALSE) -> 28 | D53: =VLOOKUP(B53,$B$8:$I$49,4,FALSE) -> 2.2089267 | F53: =VLOOKUP(B53,$B$8:$I$49,6,FALSE) -> 7313.1923 | K53: 1 | L53: =VLOOKUP(K53,$K$8:$R$49,3,FALSE) -> 21 | M53: =VLOOKUP(K53,$K$8:$R$49,4,FALSE) -> 4.6311066 | O53: =VLOOKUP(K53,$K$8:$R$49,6,FALSE) -> #VALUE! | T53: 1 | U53: =VLOOKUP(T53,$T$8:$AA$49,3,FALSE) -> 21 | V53: =VLOOKUP(T53,$T$8:$AA$49,4,FALSE) -> 1.2019898 | X53: =VLOOKUP(T53,$T$8:$AA$49,6,FALSE) -> 6671.9198
B54: 12 | C54: =VLOOKUP(B54,$B$8:$I$49,3,FALSE) -> 258 | D54: =VLOOKUP(B54,$B$8:$I$49,4,FALSE) -> 4.3995869 | E54: =((F54/F53)-1) -> 0.042532674 | F54: =VLOOKUP(B54,$B$8:$I$49,6,FALSE) -> 7624.2419 | K54: 12 | L54: =VLOOKUP(K54,$K$8:$R$49,3,FALSE) -> 252 | M54: =VLOOKUP(K54,$K$8:$R$49,4,FALSE) -> 4.2088397 | N54: =((O54/O53)-1) -> #VALUE! | O54: =VLOOKUP(K54,$K$8:$R$49,6,FALSE) -> #VALUE! | T54: 12 | U54: =VLOOKUP(T54,$T$8:$AA$49,3,FALSE) -> 252 | V54: =VLOOKUP(T54,$T$8:$AA$49,4,FALSE) -> 3.4246551 | W54: =((X54/X53)-1) -> 0.033217279 | X54: =VLOOKUP(T54,$T$8:$AA$49,6,FALSE) -> 6893.5429
B55: 24 | C55: =VLOOKUP(B55,$B$8:$I$49,3,FALSE) -> 508 | D55: =VLOOKUP(B55,$B$8:$I$49,4,FALSE) -> 4.8608 | E55: =((F55/F54)-1) -> 0.052954337 | F55: =VLOOKUP(B55,$B$8:$I$49,6,FALSE) -> 8027.9786 | K55: 24 | L55: =VLOOKUP(K55,$K$8:$R$49,3,FALSE) -> 504 | M55: =VLOOKUP(K55,$K$8:$R$49,4,FALSE) -> 4.0278537 | N55: =((O55/O54)-1) -> #VALUE! | O55: =VLOOKUP(K55,$K$8:$R$49,6,FALSE) -> #VALUE! | T55: 24 | U55: =VLOOKUP(T55,$T$8:$AA$49,3,FALSE) -> 504 | V55: =VLOOKUP(T55,$T$8:$AA$49,4,FALSE) -> 3.8233917 | W55: =((X55/X54)-1) -> 0.042236656 | X55: =VLOOKUP(T55,$T$8:$AA$49,6,FALSE) -> 7184.703
B56: 36 | C56: =VLOOKUP(B56,$B$8:$I$49,3,FALSE) -> 760 | D56: =VLOOKUP(B56,$B$8:$I$49,4,FALSE) -> 4.9923045 | E56: =((F56/F55)-1) -> 0.052579025 | F56: =VLOOKUP(B56,$B$8:$I$49,6,FALSE) -> 8450.0819 | K56: 36 | L56: =VLOOKUP(K56,$K$8:$R$49,3,FALSE) -> 756 | M56: =VLOOKUP(K56,$K$8:$R$49,4,FALSE) -> 4.1225964 | N56: =((O56/O55)-1) -> #VALUE! | O56: =VLOOKUP(K56,$K$8:$R$49,6,FALSE) -> #VALUE! | T56: 36 | U56: =VLOOKUP(T56,$T$8:$AA$49,3,FALSE) -> 756 | V56: =VLOOKUP(T56,$T$8:$AA$49,4,FALSE) -> 3.5799232 | W56: =((X56/X55)-1) -> 0.030946977 | X56: =VLOOKUP(T56,$T$8:$AA$49,6,FALSE) -> 7407.0479
B57: 48 | C57: =VLOOKUP(B57,$B$8:$I$49,3,FALSE) -> 1008 | D57: =VLOOKUP(B57,$B$8:$I$49,4,FALSE) -> 5.3834891 | E57: =((F57/F56)-1) -> 0.064834359 | F57: =VLOOKUP(B57,$B$8:$I$49,6,FALSE) -> 8997.9376 | K57: 48 | L57: =VLOOKUP(K57,$K$8:$R$49,3,FALSE) -> 1008 | M57: =VLOOKUP(K57,$K$8:$R$49,4,FALSE) -> 4.3677187 | N57: =((O57/O56)-1) -> #VALUE! | O57: =VLOOKUP(K57,$K$8:$R$49,6,FALSE) -> #VALUE! | T57: 48 | U57: =VLOOKUP(T57,$T$8:$AA$49,3,FALSE) -> 1008 | V57: =VLOOKUP(T57,$T$8:$AA$49,4,FALSE) -> 3.6885476 | W57: =((X57/X56)-1) -> 0.040151048 | X57: =VLOOKUP(T57,$T$8:$AA$49,6,FALSE) -> 7704.4486
B58: 60 | C58: =VLOOKUP(B58,$B$8:$I$49,3,FALSE) -> 1256 | D58: =VLOOKUP(B58,$B$8:$I$49,4,FALSE) -> 5.5332979 | E58: =((F58/F57)-1) -> 0.060439738 | F58: =VLOOKUP(B58,$B$8:$I$49,6,FALSE) -> 9541.7705 | K58: 60 | L58: =VLOOKUP(K58,$K$8:$R$49,3,FALSE) -> 1260 | M58: =VLOOKUP(K58,$K$8:$R$49,4,FALSE) -> 4.5319983 | N58: =((O58/O57)-1) -> #VALUE! | O58: =VLOOKUP(K58,$K$8:$R$49,6,FALSE) -> #VALUE! | T58: 60 | U58: =VLOOKUP(T58,$T$8:$AA$49,3,FALSE) -> 1260 | V58: =VLOOKUP(T58,$T$8:$AA$49,4,FALSE) -> 3.8199482 | W58: =((X58/X57)-1) -> 0.043472178 | X58: =VLOOKUP(T58,$T$8:$AA$49,6,FALSE) -> 8039.3778
C69: Date | D69: Inflation Index | E69: Date | F69: Imp Inflation Index
C70: {=_xll.BQL("BZPIIPCA Index","SORT(PX_LAST(DATES=RANGE(-10Y,0D,FRQ=Y),FILL=PREV),ORDER=ASC)","ShowIDs=F","ShowHeaders=F")} -> 42176 | D70: 4276.6
C71: 42542 | D71: 4675.23
C72: 42907 | D72: 4843.41
C73: 43272 | D73: 4981.69
C74: 43637 | D74: 5213.75
C75: 44003 | D75: 5311.65
C76: 44368 | D76: 5739.56
C77: 44733 | D77: 6412.88
C78: 45098 | D78: 6665.28
C79: 45464 | D79: 6926.96
C80: 45829 | D80: 7295.46
E81: =DATE(YEAR(TODAY())+1,MONTH(TODAY()),DAY(TODAY())) -> 46194 | F81: =F54 -> 7624.2419
E82: =DATE(YEAR(TODAY())+2,MONTH(TODAY()),DAY(TODAY())) -> 46559 | F82: =F55 -> 8027.9786
E83: =DATE(YEAR(TODAY())+3,MONTH(TODAY()),DAY(TODAY())) -> 46925 | F83: =F56 -> 8450.0819
E84: =DATE(YEAR(TODAY())+4,MONTH(TODAY()),DAY(TODAY())) -> 47290 | F84: =F57 -> 8997.9376
E85: =DATE(YEAR(TODAY())+5,MONTH(TODAY()),DAY(TODAY())) -> 47655 | F85: =F58 -> 9541.7705
B95: 0 | C95: =EOMONTH(TODAY(),0) -> 45838 | D95: =IFERROR(_xll.BCOUNTPERIODS(DATA!$C$3,C95,"CDR=BZ")*1,"") -> 6 | E95: =IFERROR(_xll.BInterpol(DATA!$G$7:$G$48, DATA!$D$7:$D$48, D95, "Cubic","Skip=True")*1,"") -> 14.901 | F95: =IFERROR(_xll.BInterpol(DATA!$P$7:$P$48, DATA!$M$7:$M$48, D95, "Cubic","Skip=True")*1,_xll.BInterpol(FUT!$F$7:$F$28, FUT!$E$7:$E$28, D95, "Cubic","Skip=True")) -> 11.561 | G95: =(((1+E95%)/(1+F95%))-1)*100 -> 2.9938778
B96: 1 | C96: =EOMONTH(TODAY(),1) -> 45869 | D96: =IFERROR(_xll.BCOUNTPERIODS(DATA!$C$3,C96,"CDR=BZ")*1,"") -> 29 | E96: =IFERROR(_xll.BInterpol(DATA!$G$7:$G$48, DATA!$D$7:$D$48, D96, "Cubic","Skip=True")*1,"") -> 14.906 | F96: =IFERROR(_xll.BInterpol(DATA!$P$7:$P$48, DATA!$M$7:$M$48, D96, "Cubic","Skip=True")*1,_xll.BInterpol(FUT!$F$7:$F$28, FUT!$E$7:$E$28, D96, "Cubic","Skip=True")) -> 12.469672 | G96: =(((1+E96%)/(1+F96%))-1)*100 -> 2.1662085
B97: 2 | C97: =EOMONTH(TODAY(),2) -> 45900 | D97: =IFERROR(_xll.BCOUNTPERIODS(DATA!$C$3,C97,"CDR=BZ")*1,"") -> 50 | E97: =IFERROR(_xll.BInterpol(DATA!$G$7:$G$48, DATA!$D$7:$D$48, D97, "Cubic","Skip=True")*1,"") -> 14.933 | F97: =IFERROR(_xll.BInterpol(DATA!$P$7:$P$48, DATA!$M$7:$M$48, D97, "Cubic","Skip=True")*1,_xll.BInterpol(FUT!$F$7:$F$28, FUT!$E$7:$E$28, D97, "Cubic","Skip=True")) -> 11.758117 | G97: =(((1+E97%)/(1+F97%))-1)*100 -> 2.8408526
B98: 3 | C98: =EOMONTH(TODAY(),3) -> 45930 | D98: =IFERROR(_xll.BCOUNTPERIODS(DATA!$C$3,C98,"CDR=BZ")*1,"") -> 72 | E98: =IFERROR(_xll.BInterpol(DATA!$G$7:$G$48, DATA!$D$7:$D$48, D98, "Cubic","Skip=True")*1,"") -> 14.947 | F98: =IFERROR(_xll.BInterpol(DATA!$P$7:$P$48, DATA!$M$7:$M$48, D98, "Cubic","Skip=True")*1,_xll.BInterpol(FUT!$F$7:$F$28, FUT!$E$7:$E$28, D98, "Cubic","Skip=True")) -> 10.6457 | G98: =(((1+E98%)/(1+F98%))-1)*100 -> 3.8874531
B99: 4 | C99: =EOMONTH(TODAY(),4) -> 45961 | D99: =IFERROR(_xll.BCOUNTPERIODS(DATA!$C$3,C99,"CDR=BZ")*1,"") -> 95 | E99: =IFERROR(_xll.BInterpol(DATA!$G$7:$G$48, DATA!$D$7:$D$48, D99, "Cubic","Skip=True")*1,"") -> 14.955 | F99: =IFERROR(_xll.BInterpol(DATA!$P$7:$P$48, DATA!$M$7:$M$48, D99, "Cubic","Skip=True")*1,_xll.BInterpol(FUT!$F$7:$F$28, FUT!$E$7:$E$28, D99, "Cubic","Skip=True")) -> 10.636296 | G99: =(((1+E99%)/(1+F99%))-1)*100 -> 3.9035144
B100: 5 | C100: =EOMONTH(TODAY(),5) -> 45991 | D100: =IFERROR(_xll.BCOUNTPERIODS(DATA!$C$3,C100,"CDR=BZ")*1,"") -> 114 | E100: =IFERROR(_xll.BInterpol(DATA!$G$7:$G$48, DATA!$D$7:$D$48, D100, "Cubic","Skip=True")*1,"") -> 14.955 | F100: =IFERROR(_xll.BInterpol(DATA!$P$7:$P$48, DATA!$M$7:$M$48, D100, "Cubic","Skip=True")*1,_xll.BInterpol(FUT!$F$7:$F$28, FUT!$E$7:$E$28, D100, "Cubic","Skip=True")) -> 10.463594 | G100: =(((1+E100%)/(1+F100%))-1)*100 -> 4.06596
B101: 6 | C101: =EOMONTH(TODAY(),6) -> 46022 | D101: =IFERROR(_xll.BCOUNTPERIODS(DATA!$C$3,C101,"CDR=BZ")*1,"") -> 136 | E101: =IFERROR(_xll.BInterpol(DATA!$G$7:$G$48, DATA!$D$7:$D$48, D101, "Cubic","Skip=True")*1,"") -> 14.958166 | F101: =IFERROR(_xll.BInterpol(DATA!$P$7:$P$48, DATA!$M$7:$M$48, D101, "Cubic","Skip=True")*1,_xll.BInterpol(FUT!$F$7:$F$28, FUT!$E$7:$E$28, D101, "Cubic","Skip=True")) -> 10.36284 | G101: =(((1+E101%)/(1+F101%))-1)*100 -> 4.1638346
B102: 7 | C102: =EOMONTH(TODAY(),7) -> 46053 | D102: =IFERROR(_xll.BCOUNTPERIODS(DATA!$C$3,C102,"CDR=BZ")*1,"") -> 157 | E102: =IFERROR(_xll.BInterpol(DATA!$G$7:$G$48, DATA!$D$7:$D$48, D102, "Cubic","Skip=True")*1,"") -> 14.96 | F102: =IFERROR(_xll.BInterpol(DATA!$P$7:$P$48, DATA!$M$7:$M$48, D102, "Cubic","Skip=True")*1,_xll.BInterpol(FUT!$F$7:$F$28, FUT!$E$7:$E$28, D102, "Cubic","Skip=True")) -> 10.22527 | G102: =(((1+E102%)/(1+F102%))-1)*100 -> 4.2955033
B103: 8 | C103: =EOMONTH(TODAY(),8) -> 46081 | D103: =IFERROR(_xll.BCOUNTPERIODS(DATA!$C$3,C103,"CDR=BZ")*1,"") -> 175 | E103: =IFERROR(_xll.BInterpol(DATA!$G$7:$G$48, DATA!$D$7:$D$48, D103, "Cubic","Skip=True")*1,"") -> 14.955 | F103: =IFERROR(_xll.BInterpol(DATA!$P$7:$P$48, DATA!$M$7:$M$48, D103, "Cubic","Skip=True")*1,_xll.BInterpol(FUT!$F$7:$F$28, FUT!$E$7:$E$28, D103, "Cubic","Skip=True")) -> 10.137143 | G103: =(((1+E103%)/(1+F103%))-1)*100 -> 4.374416
B104: 9 | C104: =EOMONTH(TODAY(),9) -> 46112 | D104: =IFERROR(_xll.BCOUNTPERIODS(DATA!$C$3,C104,"CDR=BZ")*1,"") -> 197 | E104: =IFERROR(_xll.BInterpol(DATA!$G$7:$G$48, DATA!$D$7:$D$48, D104, "Cubic","Skip=True")*1,"") -> 14.925 | F104: =IFERROR(_xll.BInterpol(DATA!$P$7:$P$48, DATA!$M$7:$M$48, D104, "Cubic","Skip=True")*1,_xll.BInterpol(FUT!$F$7:$F$28, FUT!$E$7:$E$28, D104, "Cubic","Skip=True")) -> 10.060444 | G104: =(((1+E104%)/(1+F104%))-1)*100 -> 4.4198951
B105: 10 | C105: =EOMONTH(TODAY(),10) -> 46142 | D105: =IFERROR(_xll.BCOUNTPERIODS(DATA!$C$3,C105,"CDR=BZ")*1,"") -> 217 | E105: =IFERROR(_xll.BInterpol(DATA!$G$7:$G$48, DATA!$D$7:$D$48, D105, "Cubic","Skip=True")*1,"") -> 14.885 | F105: =IFERROR(_xll.BInterpol(DATA!$P$7:$P$48, DATA!$M$7:$M$48, D105, "Cubic","Skip=True")*1,_xll.BInterpol(FUT!$F$7:$F$28, FUT!$E$7:$E$28, D105, "Cubic","Skip=True")) -> 10.011454 | G105: =(((1+E105%)/(1+F105%))-1)*100 -> 4.4300347
B106: 11 | C106: =EOMONTH(TODAY(),11) -> 46173 | D106: =IFERROR(_xll.BCOUNTPERIODS(DATA!$C$3,C106,"CDR=BZ")*1,"") -> 237 | E106: =IFERROR(_xll.BInterpol(DATA!$G$7:$G$48, DATA!$D$7:$D$48, D106, "Cubic","Skip=True")*1,"") -> 14.833 | F106: =IFERROR(_xll.BInterpol(DATA!$P$7:$P$48, DATA!$M$7:$M$48, D106, "Cubic","Skip=True")*1,_xll.BInterpol(FUT!$F$7:$F$28, FUT!$E$7:$E$28, D106, "Cubic","Skip=True")) -> 9.973491 | G106: =(((1+E106%)/(1+F106%))-1)*100 -> 4.4188003

Sheet CURVES
A1: IDxIPCA FUTURE | H1: ANBIMA | R1: SWAP PRE-DI x INFLATION SWAP
A2: {=_xll.BQL("Futures('WLA Index')","FUT_MONTH_YR().value,PX_LAST().value")} -> ID | B2: FUT_MONTH_YR().value | C2: PX_LAST().value | H2: BD | I2: ETTJ Pre | K2: ETTJ IPCA | M2: Imp Inflation | R2: BD | S2: PRE-DI | U2: Zero Coupon | W2: Imp Inflation
A3: WLN25 Index | B3: JUL 25 | C3: 11.561 | H3: 126 | I3: BZAD6M Index | J3: {=_xll.BQL(_xll.BQL.LIST($I$3:$I$9),"LAST(DROPNA(PX_LAST(DATES=RANGE(-7D,0D)))).value","ShowDates=F","ShowIDs=F","ShowHeaders=F","Fill=Prev")} -> 15.0421 | K3: BZAA05 Index | L3: {=_xll.BQL(_xll.BQL.LIST($K$3:$K$9),"LAST(DROPNA(PX_LAST(DATES=RANGE(-7D,0D)))).value","ShowDates=F","ShowIDs=F","ShowHeaders=F","Fill=Prev")} -> 11.5598 | M3: =(((1+J3%)/(1+L3%))-1)*100 -> 3.1214649 | R3: 21 | S3: BCSFAPDV Curncy | T3: {=_xll.BQL(_xll.BQL.LIST($S$3:$S$19),"LAST(DROPNA(PX_LAST(DATES=RANGE(-60D,0D)))).value","ShowDates=F","ShowIDs=F","ShowHeaders=F","Fill=Prev","xlfill=-")} -> 14.9054 | U3: BCIVCSWA Curncy | V3: {=_xll.BQL(_xll.BQL.LIST($U$3:$U$19),"LAST(DROPNA(PX_LAST(DATES=RANGE(-60D,0D)))).value","ShowDates=F","ShowIDs=F","ShowHeaders=F","Fill=Prev","xlfill=-")} -> - | W3: =IFERROR((((1+T3%)/(1+V3%))-1)*100,"-") -> -
A4: WLQ25 Index | B4: AUG 25 | C4: 12.56 | H4: 252 | I4: BZAD1Y Index | J4: 14.7379 | K4: BZAA1 Index | L4: 10.231 | M4: =(((1+J4%)/(1+L4%))-1)*100 -> 4.0885958 | R4: 42 | S4: BCSFBPDV Curncy | T4: 14.9247 | U4: BCIVCSWB Curncy | V4: - | W4: =IFERROR((((1+T4%)/(1+V4%))-1)*100,"-") -> -
A5: WLU25 Index | B5: SEP 25 | C5: 10.921 | H5: 504 | I5: BZAD2Y Index | J5: 13.8657 | K5: BZAA2Y Index | L5: 8.5642 | M5: =(((1+J5%)/(1+L5%))-1)*100 -> 4.8832857 | R5: 84 | S5: BCSFDPDV Curncy | T5: 14.9514 | U5: BCIVCSWD Curncy | V5: - | W5: =IFERROR((((1+T5%)/(1+V5%))-1)*100,"-") -> -
A6: WLV25 Index | B6: OCT 25 | C6: 10.714 | H6: 756 | I6: BZAD3Y Index | J6: 13.5352 | K6: BZAA3Y Index | L6: 7.9858 | M6: =(((1+J6%)/(1+L6%))-1)*100 -> 5.139009 | R6: 105 | S6: BCSFEPDV Curncy | T6: 14.955 | U6: BCIVCSWE Curncy | V6: - | W6: =IFERROR((((1+T6%)/(1+V6%))-1)*100,"-") -> -
A7: WLX25 Index | B7: NOV 25 | C7: 10.518 | H7: 1008 | I7: BZAD4Y Index | J7: 13.5271 | K7: BZAA4 Index | L7: 7.7038 | M7: =(((1+J7%)/(1+L7%))-1)*100 -> 5.406773 | R7: 168 | S7: BCSFHPDV Curncy | T7: 14.9571 | U7: BCIVCSWH Curncy | V7: - | W7: =IFERROR((((1+T7%)/(1+V7%))-1)*100,"-") -> -
A8: WLZ25 Index | B8: DEC 25 | C8: 10.431 | H8: 1260 | I8: BZAD5Y Index | J8: 13.6253 | K8: BZAA5Y Index | L8: 7.536 | M8: =(((1+J8%)/(1+L8%))-1)*100 -> 5.6625688 | R8: 189 | S8: BCSFIPDV Curncy | T8: 14.9364 | U8: BCIVCSWI Curncy | V8: - | W8: =IFERROR((((1+T8%)/(1+V8%))-1)*100,"-") -> -
A9: WLF26 Index | B9: JAN 26 | C9: 10.3 | H9: 2520 | I9: BZAD10Y Index | J9: #N/A | K9: BZAA10Y Index | L9: 7.1758 | M9: =(((1+J9%)/(1+L9%))-1)*100 -> #N/A | R9: 210 | S9: BCSFJPDV Curncy | T9: 14.9001 | U9: BCIVCSWJ Curncy | V9: - | W9: =IFERROR((((1+T9%)/(1+V9%))-1)*100,"-") -> -
A10: WLQ26 Index | B10: AUG 26 | C10: 9.86 | R10: 231 | S10: BCSFKPDV Curncy | T10: 14.8502 | U10: BCIVCSWK Curncy | V10: - | W10: =IFERROR((((1+T10%)/(1+V10%))-1)*100,"-") -> -
A11: WLF27 Index | B11: JAN 27 | C11: 9.335 | R11: 252 | S11: BCSFLPDV Curncy | T11: 14.7919 | U11: BCIVCSW1 Curncy | V11: - | W11: =IFERROR((((1+T11%)/(1+V11%))-1)*100,"-") -> -
A12: WLK27 Index | B12: MAY 27 | C12: 8.77 | R12: 504 | S12: BCSFPPDV Curncy | T12: 13.8865 | U12: BCIVCSW2 Curncy | V12: - | W12: =IFERROR((((1+T12%)/(1+V12%))-1)*100,"-") -> -
A13: WLQ28 Index | B13: AUG 28 | C13: 7.995 | R13: 756 | S13: BCSFQPDV Curncy | T13: 13.4309 | U13: BCIVCSW3 Curncy | V13: - | W13: =IFERROR((((1+T13%)/(1+V13%))-1)*100,"-") -> -
A14: WLK29 Index | B14: MAY 29 | C14: 7.68 | R14: 1260 | S14: BCSFSPDV Curncy | T14: 13.4959 | U14: BCIVCSW5 Curncy | V14: - | W14: =IFERROR((((1+T14%)/(1+V14%))-1)*100,"-") -> -
A15: WLQ30 Index | B15: AUG 30 | C15: 7.545 | R15: 1512 | S15: BCSFTPDV Curncy | T15: 13.5657 | U15: BCIVCSW6 Curncy | V15: - | W15: =IFERROR((((1+T15%)/(1+V15%))-1)*100,"-") -> -
A16: WLQ32 Index | B16: AUG 32 | C16: 7.475 | R16: 1764 | S16: BCSFUPDV Curncy | T16: 13.6024 | U16: BCIVCSW7 Curncy | V16: - | W16: =IFERROR((((1+T16%)/(1+V16%))-1)*100,"-") -> -
A17: WLK33 Index | B17: MAY 33 | C17: 7.41 | R17: 2016 | S17: BCSFVPDV Curncy | T17: 13.5968 | U17: BCIVCSW8 Curncy | V17: - | W17: =IFERROR((((1+T17%)/(1+V17%))-1)*100,"-") -> -
A18: WLK35 Index | B18: MAY 35 | C18: 7.265 | R18: 2268 | S18: BCSFWPDV Curncy | T18: 13.5946 | U18: BCIVCSW9 Curncy | V18: - | W18: =IFERROR((((1+T18%)/(1+V18%))-1)*100,"-") -> -
A19: WLQ40 Index | B19: AUG 40 | C19: 7.115 | R19: 2520 | S19: BCSFXPDV Curncy | T19: 13.5872 | U19: BCIVCSW0 Curncy | V19: - | W19: =IFERROR((((1+T19%)/(1+V19%))-1)*100,"-") -> -
A20: WLK45 Index | B20: MAY 45 | C20: 7.021
A21: WLQ50 Index | B21: AUG 50 | C21: 6.957
A22: WLK55 Index | B22: MAY 55 | C22: 6.913
A23: WLQ60 Index | B23: AUG 60 | C23: 6.913

Sheet FUT
B2: Main Curve | H2: Date 1 | N2: Date 2
B3: Ticker | C3: WL | H3: Ticker | I3: WL | N3: Ticker | O3: WL
B4: Date | C4: =DATA!U6 -> 45828 | H4: Date | I4: =DATA!U4 -> 45268 | N4: Date | O4: =DATA!U5 -> 45084
B6: Active | C6: Generic | D6: Maturity | E6: Yield | F6: BD | H6: Active | I6: Generic | J6: Maturity | K6: Yield | L6: BD | N6: Active | O6: Generic | P6: Maturity | Q6: Yield | R6: BD
B7: WL1 Index | C7: {=_xll.BDH($H7,"FUT_CUR_GEN_TICKER",TEXT(YEAR(C$4)*10000+MONTH(C$4)*100+DAY(C$4),"00000000"),TEXT(YEAR(C$4)*10000+MONTH(C$4)*100+DAY(C$4),"00000000"),"fill=p","days=a")&" Index"} -> WLN25 Index | D7: {=_xll.BDP(C7,"LAST_TRADEABLE_DT")} -> 7/14/2025 | E7: {=_xll.BDH(C7,"PX_LAST",TEXT(YEAR(C$4)*10000+MONTH(C$4)*100+DAY(C$4),"00000000"),TEXT(YEAR(C$4)*10000+MONTH(C$4)*100+DAY(C$4),"00000000"),"Fill=P","Days=A")} -> 11.561 | F7: =IFERROR(_xll.BCOUNTPERIODS($C$4,D7,"CDR=BZ")*1,"") -> 16 | H7: WL1 Index | I7: {=_xll.BDH($H7,"FUT_CUR_GEN_TICKER",TEXT(YEAR(I$4)*10000+MONTH(I$4)*100+DAY(I$4),"00000000"),TEXT(YEAR(I$4)*10000+MONTH(I$4)*100+DAY(I$4),"00000000"),"fill=p","days=a")&" Index"} -> WLZ23 Index | J7: {=_xll.BDP(I7,"LAST_TRADEABLE_DT")} -> 12/14/2023 | K7: {=_xll.BDH(I7,"PX_LAST",TEXT(YEAR(I$4)*10000+MONTH(I$4)*100+DAY(I$4),"00000000"),TEXT(YEAR(I$4)*10000+MONTH(I$4)*100+DAY(I$4),"00000000"),"Fill=P","Days=A")} -> 8.56 | L7: =IFERROR(_xll.BCOUNTPERIODS($I$4,J7,"CDR=BZ")*1,"") -> 4 | N7: WL1 Index | O7: {=_xll.BDH($N7,"FUT_CUR_GEN_TICKER",TEXT(YEAR(O$4)*10000+MONTH(O$4)*100+DAY(O$4),"00000000"),TEXT(YEAR(O$4)*10000+MONTH(O$4)*100+DAY(O$4),"00000000"),"fill=p","days=a")&" Index"} -> WLM23 Index | P7: {=_xll.BDP(O7,"LAST_TRADEABLE_DT")} -> 6/14/2023 | Q7: {=_xll.BDH(O7,"PX_LAST",TEXT(YEAR(O$4)*10000+MONTH(O$4)*100+DAY(O$4),"00000000"),TEXT(YEAR(O$4)*10000+MONTH(O$4)*100+DAY(O$4),"00000000"),"Fill=P","Days=A")} -> 10.7 | R7: =IFERROR(_xll.BCOUNTPERIODS($O$4,P7,"CDR=BZ")*1,"") -> 4
B8: WL2 Index | C8: {=_xll.BDH($H8,"FUT_CUR_GEN_TICKER",TEXT(YEAR(C$4)*10000+MONTH(C$4)*100+DAY(C$4),"00000000"),TEXT(YEAR(C$4)*10000+MONTH(C$4)*100+DAY(C$4),"00000000"),"fill=p","days=a")&" Index"} -> WLQ25 Index | D8: {=_xll.BDP(C8,"LAST_TRADEABLE_DT")} -> 8/14/2025 | E8: {=_xll.BDH(C8,"PX_LAST",TEXT(YEAR(C$4)*10000+MONTH(C$4)*100+DAY(C$4),"00000000"),TEXT(YEAR(C$4)*10000+MONTH(C$4)*100+DAY(C$4),"00000000"),"Fill=P","Days=A")} -> 12.56 | F8: =IFERROR(_xll.BCOUNTPERIODS($C$4,D8,"CDR=BZ")*1,"") -> 39 | H8: WL2 Index | I8: {=_xll.BDH($H8,"FUT_CUR_GEN_TICKER",TEXT(YEAR(I$4)*10000+MONTH(I$4)*100+DAY(I$4),"00000000"),TEXT(YEAR(I$4)*10000+MONTH(I$4)*100+DAY(I$4),"00000000"),"fill=p","days=a")&" Index"} -> WLF24 Index | J8: {=_xll.BDP(I8,"LAST_TRADEABLE_DT")} -> 1/12/2024 | K8: {=_xll.BDH(I8,"PX_LAST",TEXT(YEAR(I$4)*10000+MONTH(I$4)*100+DAY(I$4),"00000000"),TEXT(YEAR(I$4)*10000+MONTH(I$4)*100+DAY(I$4),"00000000"),"Fill=P","Days=A")} -> 7.25 | L8: =IFERROR(_xll.BCOUNTPERIODS($I$4,J8,"CDR=BZ")*1,"") -> 23 | N8: WL2 Index | O8: {=_xll.BDH($N8,"FUT_CUR_GEN_TICKER",TEXT(YEAR(O$4)*10000+MONTH(O$4)*100+DAY(O$4),"00000000"),TEXT(YEAR(O$4)*10000+MONTH(O$4)*100+DAY(O$4),"00000000"),"fill=p","days=a")&" Index"} -> WLN23 Index | P8: {=_xll.BDP(O8,"LAST_TRADEABLE_DT")} -> 7/14/2023 | Q8: {=_xll.BDH(O8,"PX_LAST",TEXT(YEAR(O$4)*10000+MONTH(O$4)*100+DAY(O$4),"00000000"),TEXT(YEAR(O$4)*10000+MONTH(O$4)*100+DAY(O$4),"00000000"),"Fill=P","Days=A")} -> 13.13 | R8: =IFERROR(_xll.BCOUNTPERIODS($O$4,P8,"CDR=BZ")*1,"") -> 26
B9: WL3 Index | C9: {=_xll.BDH($H9,"FUT_CUR_GEN_TICKER",TEXT(YEAR(C$4)*10000+MONTH(C$4)*100+DAY(C$4),"00000000"),TEXT(YEAR(C$4)*10000+MONTH(C$4)*100+DAY(C$4),"00000000"),"fill=p","days=a")&" Index"} -> WLU25 Index | D9: {=_xll.BDP(C9,"LAST_TRADEABLE_DT")} -> 9/12/2025 | E9: {=_xll.BDH(C9,"PX_LAST",TEXT(YEAR(C$4)*10000+MONTH(C$4)*100+DAY(C$4),"00000000"),TEXT(YEAR(C$4)*10000+MONTH(C$4)*100+DAY(C$4),"00000000"),"Fill=P","Days=A")} -> 10.921 | F9: =IFERROR(_xll.BCOUNTPERIODS($C$4,D9,"CDR=BZ")*1,"") -> 60 | H9: WL3 Index | I9: {=_xll.BDH($H9,"FUT_CUR_GEN_TICKER",TEXT(YEAR(I$4)*10000+MONTH(I$4)*100+DAY(I$4),"00000000"),TEXT(YEAR(I$4)*10000+MONTH(I$4)*100+DAY(I$4),"00000000"),"fill=p","days=a")&" Index"} -> WLG24 Index | J9: {=_xll.BDP(I9,"LAST_TRADEABLE_DT")} -> 2/14/2024 | K9: {=_xll.BDH(I9,"PX_LAST",TEXT(YEAR(I$4)*10000+MONTH(I$4)*100+DAY(I$4),"00000000"),TEXT(YEAR(I$4)*10000+MONTH(I$4)*100+DAY(I$4),"00000000"),"Fill=P","Days=A")} -> 6.54 | L9: =IFERROR(_xll.BCOUNTPERIODS($I$4,J9,"CDR=BZ")*1,"") -> 44 | N9: WL3 Index | O9: {=_xll.BDH($N9,"FUT_CUR_GEN_TICKER",TEXT(YEAR(O$4)*10000+MONTH(O$4)*100+DAY(O$4),"00000000"),TEXT(YEAR(O$4)*10000+MONTH(O$4)*100+DAY(O$4),"00000000"),"fill=p","days=a")&" Index"} -> WLQ23 Index | P9: {=_xll.BDP(O9,"LAST_TRADEABLE_DT")} -> 8/14/2023 | Q9: {=_xll.BDH(O9,"PX_LAST",TEXT(YEAR(O$4)*10000+MONTH(O$4)*100+DAY(O$4),"00000000"),TEXT(YEAR(O$4)*10000+MONTH(O$4)*100+DAY(O$4),"00000000"),"Fill=P","Days=A")} -> 10.6 | R9: =IFERROR(_xll.BCOUNTPERIODS($O$4,P9,"CDR=BZ")*1,"") -> 47
B10: WL4 Index | C10: {=_xll.BDH($H10,"FUT_CUR_GEN_TICKER",TEXT(YEAR(C$4)*10000+MONTH(C$4)*100+DAY(C$4),"00000000"),TEXT(YEAR(C$4)*10000+MONTH(C$4)*100+DAY(C$4),"00000000"),"fill=p","days=a")&" Index"} -> WLV25 Index | D10: {=_xll.BDP(C10,"LAST_TRADEABLE_DT")} -> 10/14/2025 | E10: {=_xll.BDH(C10,"PX_LAST",TEXT(YEAR(C$4)*10000+MONTH(C$4)*100+DAY(C$4),"00000000"),TEXT(YEAR(C$4)*10000+MONTH(C$4)*100+DAY(C$4),"00000000"),"Fill=P","Days=A")} -> 10.714 | F10: =IFERROR(_xll.BCOUNTPERIODS($C$4,D10,"CDR=BZ")*1,"") -> 82 | H10: WL4 Index | I10: {=_xll.BDH($H10,"FUT_CUR_GEN_TICKER",TEXT(YEAR(I$4)*10000+MONTH(I$4)*100+DAY(I$4),"00000000"),TEXT(YEAR(I$4)*10000+MONTH(I$4)*100+DAY(I$4),"00000000"),"fill=p","days=a")&" Index"} -> WLH24 Index | J10: {=_xll.BDP(I10,"LAST_TRADEABLE_DT")} -> 3/14/2024 | K10: {=_xll.BDH(I10,"PX_LAST",TEXT(YEAR(I$4)*10000+MONTH(I$4)*100+DAY(I$4),"00000000"),TEXT(YEAR(I$4)*10000+MONTH(I$4)*100+DAY(I$4),"00000000"),"Fill=P","Days=A")} -> 6.13 | L10: =IFERROR(_xll.BCOUNTPERIODS($I$4,J10,"CDR=BZ")*1,"") -> 65 | N10: WL4 Index | O10: {=_xll.BDH($N10,"FUT_CUR_GEN_TICKER",TEXT(YEAR(O$4)*10000+MONTH(O$4)*100+DAY(O$4),"00000000"),TEXT(YEAR(O$4)*10000+MONTH(O$4)*100+DAY(O$4),"00000000"),"fill=p","days=a")&" Index"} -> WLU23 Index | P10: {=_xll.BDP(O10,"LAST_TRADEABLE_DT")} -> 9/14/2023 | Q10: {=_xll.BDH(O10,"PX_LAST",TEXT(YEAR(O$4)*10000+MONTH(O$4)*100+DAY(O$4),"00000000"),TEXT(YEAR(O$4)*10000+MONTH(O$4)*100+DAY(O$4),"00000000"),"Fill=P","Days=A")} -> #N/A N/A | R10: =IFERROR(_xll.BCOUNTPERIODS($O$4,P10,"CDR=BZ")*1,"") -> 69
B11: WL5 Index | C11: {=_xll.BDH($H11,"FUT_CUR_GEN_TICKER",TEXT(YEAR(C$4)*10000+MONTH(C$4)*100+DAY(C$4),"00000000"),TEXT(YEAR(C$4)*10000+MONTH(C$4)*100+DAY(C$4),"00000000"),"fill=p","days=a")&" Index"} -> WLX25 Index | D11: {=_xll.BDP(C11,"LAST_TRADEABLE_DT")} -> 11/14/2025 | E11: {=_xll.BDH(C11,"PX_LAST",TEXT(YEAR(C$4)*10000+MONTH(C$4)*100+DAY(C$4),"00000000"),TEXT(YEAR(C$4)*10000+MONTH(C$4)*100+DAY(C$4),"00000000"),"Fill=P","Days=A")} -> 10.518 | F11: =IFERROR(_xll.BCOUNTPERIODS($C$4,D11,"CDR=BZ")*1,"") -> 105 | H11: WL5 Index | I11: {=_xll.BDH($H11,"FUT_CUR_GEN_TICKER",TEXT(YEAR(I$4)*10000+MONTH(I$4)*100+DAY(I$4),"00000000"),TEXT(YEAR(I$4)*10000+MONTH(I$4)*100+DAY(I$4),"00000000"),"fill=p","days=a")&" Index"} -> WLJ24 Index | J11: {=_xll.BDP(I11,"LAST_TRADEABLE_DT")} -> 4/12/2024 | K11: {=_xll.BDH(I11,"PX_LAST",TEXT(YEAR(I$4)*10000+MONTH(I$4)*100+DAY(I$4),"00000000"),TEXT(YEAR(I$4)*10000+MONTH(I$4)*100+DAY(I$4),"00000000"),"Fill=P","Days=A")} -> 6.38 | L11: =IFERROR(_xll.BCOUNTPERIODS($I$4,J11,"CDR=BZ")*1,"") -> 85 | N11: WL5 Index | O11: {=_xll.BDH($N11,"FUT_CUR_GEN_TICKER",TEXT(YEAR(O$4)*10000+MONTH(O$4)*100+DAY(O$4),"00000000"),TEXT(YEAR(O$4)*10000+MONTH(O$4)*100+DAY(O$4),"00000000"),"fill=p","days=a")&" Index"} -> WLV23 Index | P11: {=_xll.BDP(O11,"LAST_TRADEABLE_DT")} -> 10/13/2023 | Q11: {=_xll.BDH(O11,"PX_LAST",TEXT(YEAR(O$4)*10000+MONTH(O$4)*100+DAY(O$4),"00000000"),TEXT(YEAR(O$4)*10000+MONTH(O$4)*100+DAY(O$4),"00000000"),"Fill=P","Days=A")} -> #N/A N/A | R11: =IFERROR(_xll.BCOUNTPERIODS($O$4,P11,"CDR=BZ")*1,"") -> 89
B12: WL6 Index | C12: {=_xll.BDH($H12,"FUT_CUR_GEN_TICKER",TEXT(YEAR(C$4)*10000+MONTH(C$4)*100+DAY(C$4),"00000000"),TEXT(YEAR(C$4)*10000+MONTH(C$4)*100+DAY(C$4),"00000000"),"fill=p","days=a")&" Index"} -> WLZ25 Index | D12: {=_xll.BDP(C12,"LAST_TRADEABLE_DT")} -> 12/12/2025 | E12: {=_xll.BDH(C12,"PX_LAST",TEXT(YEAR(C$4)*10000+MONTH(C$4)*100+DAY(C$4),"00000000"),TEXT(YEAR(C$4)*10000+MONTH(C$4)*100+DAY(C$4),"00000000"),"Fill=P","Days=A")} -> 10.431 | F12: =IFERROR(_xll.BCOUNTPERIODS($C$4,D12,"CDR=BZ")*1,"") -> 124 | H12: WL6 Index | I12: {=_xll.BDH($H12,"FUT_CUR_GEN_TICKER",TEXT(YEAR(I$4)*10000+MONTH(I$4)*100+DAY(I$4),"00000000"),TEXT(YEAR(I$4)*10000+MONTH(I$4)*100+DAY(I$4),"00000000"),"fill=p","days=a")&" Index"} -> WLK24 Index | J12: {=_xll.BDP(I12,"LAST_TRADEABLE_DT")} -> 5/14/2024 | K12: {=_xll.BDH(I12,"PX_LAST",TEXT(YEAR(I$4)*10000+MONTH(I$4)*100+DAY(I$4),"00000000"),TEXT(YEAR(I$4)*10000+MONTH(I$4)*100+DAY(I$4),"00000000"),"Fill=P","Days=A")} -> 6.47 | L12: =IFERROR(_xll.BCOUNTPERIODS($I$4,J12,"CDR=BZ")*1,"") -> 106 | N12: WL6 Index | O12: {=_xll.BDH($N12,"FUT_CUR_GEN_TICKER",TEXT(YEAR(O$4)*10000+MONTH(O$4)*100+DAY(O$4),"00000000"),TEXT(YEAR(O$4)*10000+MONTH(O$4)*100+DAY(O$4),"00000000"),"fill=p","days=a")&" Index"} -> WLX23 Index | P12: {=_xll.BDP(O12,"LAST_TRADEABLE_DT")} -> 11/14/2023 | Q12: {=_xll.BDH(O12,"PX_LAST",TEXT(YEAR(O$4)*10000+MONTH(O$4)*100+DAY(O$4),"00000000"),TEXT(YEAR(O$4)*10000+MONTH(O$4)*100+DAY(O$4),"00000000"),"Fill=P","Days=A")} -> #N/A N/A | R12: =IFERROR(_xll.BCOUNTPERIODS($O$4,P12,"CDR=BZ")*1,"") -> 110
B13: WL7 Index | C13: {=_xll.BDH($H13,"FUT_CUR_GEN_TICKER",TEXT(YEAR(C$4)*10000+MONTH(C$4)*100+DAY(C$4),"00000000"),TEXT(YEAR(C$4)*10000+MONTH(C$4)*100+DAY(C$4),"00000000"),"fill=p","days=a")&" Index"} -> WLF26 Index | D13: {=_xll.BDP(C13,"LAST_TRADEABLE_DT")} -> 1/14/2026 | E13: {=_xll.BDH(C13,"PX_LAST",TEXT(YEAR(C$4)*10000+MONTH(C$4)*100+DAY(C$4),"00000000"),TEXT(YEAR(C$4)*10000+MONTH(C$4)*100+DAY(C$4),"00000000"),"Fill=P","Days=A")} -> 10.3 | F13: =IFERROR(_xll.BCOUNTPERIODS($C$4,D13,"CDR=BZ")*1,"") -> 145 | H13: WL7 Index | I13: {=_xll.BDH($H13,"FUT_CUR_GEN_TICKER",TEXT(YEAR(I$4)*10000+MONTH(I$4)*100+DAY(I$4),"00000000"),TEXT(YEAR(I$4)*10000+MONTH(I$4)*100+DAY(I$4),"00000000"),"fill=p","days=a")&" Index"} -> WLM24 Index | J13: {=_xll.BDP(I13,"LAST_TRADEABLE_DT")} -> 6/14/2024 | K13: {=_xll.BDH(I13,"PX_LAST",TEXT(YEAR(I$4)*10000+MONTH(I$4)*100+DAY(I$4),"00000000"),TEXT(YEAR(I$4)*10000+MONTH(I$4)*100+DAY(I$4),"00000000"),"Fill=P","Days=A")} -> #N/A N/A | L13: =IFERROR(_xll.BCOUNTPERIODS($I$4,J13,"CDR=BZ")*1,"") -> 128 | N13: WL7 Index | O13: {=_xll.BDH($N13,"FUT_CUR_GEN_TICKER",TEXT(YEAR(O$4)*10000+MONTH(O$4)*100+DAY(O$4),"00000000"),TEXT(YEAR(O$4)*10000+MONTH(O$4)*100+DAY(O$4),"00000000"),"fill=p","days=a")&" Index"} -> WLZ23 Index | P13: {=_xll.BDP(O13,"LAST_TRADEABLE_DT")} -> 12/14/2023 | Q13: {=_xll.BDH(O13,"PX_LAST",TEXT(YEAR(O$4)*10000+MONTH(O$4)*100+DAY(O$4),"00000000"),TEXT(YEAR(O$4)*10000+MONTH(O$4)*100+DAY(O$4),"00000000"),"Fill=P","Days=A")} -> #N/A N/A | R13: =IFERROR(_xll.BCOUNTPERIODS($O$4,P13,"CDR=BZ")*1,"") -> 131
B14: WL8 Index | C14: {=_xll.BDH($H14,"FUT_CUR_GEN_TICKER",TEXT(YEAR(C$4)*10000+MONTH(C$4)*100+DAY(C$4),"00000000"),TEXT(YEAR(C$4)*10000+MONTH(C$4)*100+DAY(C$4),"00000000"),"fill=p","days=a")&" Index"} -> WLQ26 Index | D14: {=_xll.BDP(C14,"LAST_TRADEABLE_DT")} -> 8/14/2026 | E14: {=_xll.BDH(C14,"PX_LAST",TEXT(YEAR(C$4)*10000+MONTH(C$4)*100+DAY(C$4),"00000000"),TEXT(YEAR(C$4)*10000+MONTH(C$4)*100+DAY(C$4),"00000000"),"Fill=P","Days=A")} -> 9.86 | F14: =IFERROR(_xll.BCOUNTPERIODS($C$4,D14,"CDR=BZ")*1,"") -> 291 | H14: WL8 Index | I14: {=_xll.BDH($H14,"FUT_CUR_GEN_TICKER",TEXT(YEAR(I$4)*10000+MONTH(I$4)*100+DAY(I$4),"00000000"),TEXT(YEAR(I$4)*10000+MONTH(I$4)*100+DAY(I$4),"00000000"),"fill=p","days=a")&" Index"} -> WLN24 Index | J14: {=_xll.BDP(I14,"LAST_TRADEABLE_DT")} -> 7/12/2024 | K14: {=_xll.BDH(I14,"PX_LAST",TEXT(YEAR(I$4)*10000+MONTH(I$4)*100+DAY(I$4),"00000000"),TEXT(YEAR(I$4)*10000+MONTH(I$4)*100+DAY(I$4),"00000000"),"Fill=P","Days=A")} -> #N/A N/A | L14: =IFERROR(_xll.BCOUNTPERIODS($I$4,J14,"CDR=BZ")*1,"") -> 148 | N14: WL8 Index | O14: {=_xll.BDH($N14,"FUT_CUR_GEN_TICKER",TEXT(YEAR(O$4)*10000+MONTH(O$4)*100+DAY(O$4),"00000000"),TEXT(YEAR(O$4)*10000+MONTH(O$4)*100+DAY(O$4),"00000000"),"fill=p","days=a")&" Index"} -> WLF24 Index | P14: {=_xll.BDP(O14,"LAST_TRADEABLE_DT")} -> 1/12/2024 | Q14: {=_xll.BDH(O14,"PX_LAST",TEXT(YEAR(O$4)*10000+MONTH(O$4)*100+DAY(O$4),"00000000"),TEXT(YEAR(O$4)*10000+MONTH(O$4)*100+DAY(O$4),"00000000"),"Fill=P","Days=A")} -> 9.14 | R14: =IFERROR(_xll.BCOUNTPERIODS($O$4,P14,"CDR=BZ")*1,"") -> 150
B15: WL9 Index | C15: {=_xll.BDH($H15,"FUT_CUR_GEN_TICKER",TEXT(YEAR(C$4)*10000+MONTH(C$4)*100+DAY(C$4),"00000000"),TEXT(YEAR(C$4)*10000+MONTH(C$4)*100+DAY(C$4),"00000000"),"fill=p","days=a")&" Index"} -> WLF27 Index | D15: {=_xll.BDP(C15,"LAST_TRADEABLE_DT")} -> 1/14/2027 | E15: {=_xll.BDH(C15,"PX_LAST",TEXT(YEAR(C$4)*10000+MONTH(C$4)*100+DAY(C$4),"00000000"),TEXT(YEAR(C$4)*10000+MONTH(C$4)*100+DAY(C$4),"00000000"),"Fill=P","Days=A")} -> 9.335 | F15: =IFERROR(_xll.BCOUNTPERIODS($C$4,D15,"CDR=BZ")*1,"") -> 394 | H15: WL9 Index | I15: {=_xll.BDH($H15,"FUT_CUR_GEN_TICKER",TEXT(YEAR(I$4)*10000+MONTH(I$4)*100+DAY(I$4),"00000000"),TEXT(YEAR(I$4)*10000+MONTH(I$4)*100+DAY(I$4),"00000000"),"fill=p","days=a")&" Index"} -> WLQ24 Index | J15: {=_xll.BDP(I15,"LAST_TRADEABLE_DT")} -> 8/14/2024 | K15: {=_xll.BDH(I15,"PX_LAST",TEXT(YEAR(I$4)*10000+MONTH(I$4)*100+DAY(I$4),"00000000"),TEXT(YEAR(I$4)*10000+MONTH(I$4)*100+DAY(I$4),"00000000"),"Fill=P","Days=A")} -> 6.72 | L15: =IFERROR(_xll.BCOUNTPERIODS($I$4,J15,"CDR=BZ")*1,"") -> 171 | N15: WL9 Index | O15: {=_xll.BDH($N15,"FUT_CUR_GEN_TICKER",TEXT(YEAR(O$4)*10000+MONTH(O$4)*100+DAY(O$4),"00000000"),TEXT(YEAR(O$4)*10000+MONTH(O$4)*100+DAY(O$4),"00000000"),"fill=p","days=a")&" Index"} -> WLG24 Index | P15: {=_xll.BDP(O15,"LAST_TRADEABLE_DT")} -> 2/14/2024 | Q15: {=_xll.BDH(O15,"PX_LAST",TEXT(YEAR(O$4)*10000+MONTH(O$4)*100+DAY(O$4),"00000000"),TEXT(YEAR(O$4)*10000+MONTH(O$4)*100+DAY(O$4),"00000000"),"Fill=P","Days=A")} -> #N/A N/A | R15: =IFERROR(_xll.BCOUNTPERIODS($O$4,P15,"CDR=BZ")*1,"") -> 171
B16: WL10 Index | C16: {=_xll.BDH($H16,"FUT_CUR_GEN_TICKER",TEXT(YEAR(C$4)*10000+MONTH(C$4)*100+DAY(C$4),"00000000"),TEXT(YEAR(C$4)*10000+MONTH(C$4)*100+DAY(C$4),"00000000"),"fill=p","days=a")&" Index"} -> WLK27 Index | D16: {=_xll.BDP(C16,"LAST_TRADEABLE_DT")} -> 5/14/2027 | E16: {=_xll.BDH(C16,"PX_LAST",TEXT(YEAR(C$4)*10000+MONTH(C$4)*100+DAY(C$4),"00000000"),TEXT(YEAR(C$4)*10000+MONTH(C$4)*100+DAY(C$4),"00000000"),"Fill=P","Days=A")} -> 8.77 | F16: =IFERROR(_xll.BCOUNTPERIODS($C$4,D16,"CDR=BZ")*1,"") -> 476 | H16: WL10 Index | I16: {=_xll.BDH($H16,"FUT_CUR_GEN_TICKER",TEXT(YEAR(I$4)*10000+MONTH(I$4)*100+DAY(I$4),"00000000"),TEXT(YEAR(I$4)*10000+MONTH(I$4)*100+DAY(I$4),"00000000"),"fill=p","days=a")&" Index"} -> WLU24 Index | J16: {=_xll.BDP(I16,"LAST_TRADEABLE_DT")} -> 9/13/2024 | K16: {=_xll.BDH(I16,"PX_LAST",TEXT(YEAR(I$4)*10000+MONTH(I$4)*100+DAY(I$4),"00000000"),TEXT(YEAR(I$4)*10000+MONTH(I$4)*100+DAY(I$4),"00000000"),"Fill=P","Days=A")} -> #N/A N/A | L16: =IFERROR(_xll.BCOUNTPERIODS($I$4,J16,"CDR=BZ")*1,"") -> 193 | N16: WL10 Index | O16: {=_xll.BDH($N16,"FUT_CUR_GEN_TICKER",TEXT(YEAR(O$4)*10000+MONTH(O$4)*100+DAY(O$4),"00000000"),TEXT(YEAR(O$4)*10000+MONTH(O$4)*100+DAY(O$4),"00000000"),"fill=p","days=a")&" Index"} -> WLH24 Index | P16: {=_xll.BDP(O16,"LAST_TRADEABLE_DT")} -> 3/14/2024 | Q16: {=_xll.BDH(O16,"PX_LAST",TEXT(YEAR(O$4)*10000+MONTH(O$4)*100+DAY(O$4),"00000000"),TEXT(YEAR(O$4)*10000+MONTH(O$4)*100+DAY(O$4),"00000000"),"Fill=P","Days=A")} -> #N/A N/A | R16: =IFERROR(_xll.BCOUNTPERIODS($O$4,P16,"CDR=BZ")*1,"") -> 192
B17: WL11 Index | C17: {=_xll.BDH($H17,"FUT_CUR_GEN_TICKER",TEXT(YEAR(C$4)*10000+MONTH(C$4)*100+DAY(C$4),"00000000"),TEXT(YEAR(C$4)*10000+MONTH(C$4)*100+DAY(C$4),"00000000"),"fill=p","days=a")&" Index"} -> WLQ28 Index | D17: {=_xll.BDP(C17,"LAST_TRADEABLE_DT")} -> 8/14/2028 | E17: {=_xll.BDH(C17,"PX_LAST",TEXT(YEAR(C$4)*10000+MONTH(C$4)*100+DAY(C$4),"00000000"),TEXT(YEAR(C$4)*10000+MONTH(C$4)*100+DAY(C$4),"00000000"),"Fill=P","Days=A")} -> 7.995 | F17: =IFERROR(_xll.BCOUNTPERIODS($C$4,D17,"CDR=BZ")*1,"") -> 791 | H17: WL11 Index | I17: {=_xll.BDH($H17,"FUT_CUR_GEN_TICKER",TEXT(YEAR(I$4)*10000+MONTH(I$4)*100+DAY(I$4),"00000000"),TEXT(YEAR(I$4)*10000+MONTH(I$4)*100+DAY(I$4),"00000000"),"fill=p","days=a")&" Index"} -> WLV24 Index | J17: {=_xll.BDP(I17,"LAST_TRADEABLE_DT")} -> 10/14/2024 | K17: {=_xll.BDH(I17,"PX_LAST",TEXT(YEAR(I$4)*10000+MONTH(I$4)*100+DAY(I$4),"00000000"),TEXT(YEAR(I$4)*10000+MONTH(I$4)*100+DAY(I$4),"00000000"),"Fill=P","Days=A")} -> #N/A N/A | L17: =IFERROR(_xll.BCOUNTPERIODS($I$4,J17,"CDR=BZ")*1,"") -> 214 | N17: WL11 Index | O17: {=_xll.BDH($N17,"FUT_CUR_GEN_TICKER",TEXT(YEAR(O$4)*10000+MONTH(O$4)*100+DAY(O$4),"00000000"),TEXT(YEAR(O$4)*10000+MONTH(O$4)*100+DAY(O$4),"00000000"),"fill=p","days=a")&" Index"} -> WLJ24 Index | P17: {=_xll.BDP(O17,"LAST_TRADEABLE_DT")} -> 4/12/2024 | Q17: {=_xll.BDH(O17,"PX_LAST",TEXT(YEAR(O$4)*10000+MONTH(O$4)*100+DAY(O$4),"00000000"),TEXT(YEAR(O$4)*10000+MONTH(O$4)*100+DAY(O$4),"00000000"),"Fill=P","Days=A")} -> #N/A N/A | R17: =IFERROR(_xll.BCOUNTPERIODS($O$4,P17,"CDR=BZ")*1,"") -> 212
B18: WL12 Index | C18: {=_xll.BDH($H18,"FUT_CUR_GEN_TICKER",TEXT(YEAR(C$4)*10000+MONTH(C$4)*100+DAY(C$4),"00000000"),TEXT(YEAR(C$4)*10000+MONTH(C$4)*100+DAY(C$4),"00000000"),"fill=p","days=a")&" Index"} -> WLK29 Index | D18: {=_xll.BDP(C18,"LAST_TRADEABLE_DT")} -> 5/14/2029 | E18: {=_xll.BDH(C18,"PX_LAST",TEXT(YEAR(C$4)*10000+MONTH(C$4)*100+DAY(C$4),"00000000"),TEXT(YEAR(C$4)*10000+MONTH(C$4)*100+DAY(C$4),"00000000"),"Fill=P","Days=A")} -> 7.68 | F18: =IFERROR(_xll.BCOUNTPERIODS($C$4,D18,"CDR=BZ")*1,"") -> 975 | H18: WL12 Index | I18: {=_xll.BDH($H18,"FUT_CUR_GEN_TICKER",TEXT(YEAR(I$4)*10000+MONTH(I$4)*100+DAY(I$4),"00000000"),TEXT(YEAR(I$4)*10000+MONTH(I$4)*100+DAY(I$4),"00000000"),"fill=p","days=a")&" Index"} -> WLX24 Index | J18: {=_xll.BDP(I18,"LAST_TRADEABLE_DT")} -> 11/14/2024 | K18: {=_xll.BDH(I18,"PX_LAST",TEXT(YEAR(I$4)*10000+MONTH(I$4)*100+DAY(I$4),"00000000"),TEXT(YEAR(I$4)*10000+MONTH(I$4)*100+DAY(I$4),"00000000"),"Fill=P","Days=A")} -> #N/A N/A | L18: =IFERROR(_xll.BCOUNTPERIODS($I$4,J18,"CDR=BZ")*1,"") -> 237 | N18: WL12 Index | O18: {=_xll.BDH($N18,"FUT_CUR_GEN_TICKER",TEXT(YEAR(O$4)*10000+MONTH(O$4)*100+DAY(O$4),"00000000"),TEXT(YEAR(O$4)*10000+MONTH(O$4)*100+DAY(O$4),"00000000"),"fill=p","days=a")&" Index"} -> WLK24 Index | P18: {=_xll.BDP(O18,"LAST_TRADEABLE_DT")} -> 5/14/2024 | Q18: {=_xll.BDH(O18,"PX_LAST",TEXT(YEAR(O$4)*10000+MONTH(O$4)*100+DAY(O$4),"00000000"),TEXT(YEAR(O$4)*10000+MONTH(O$4)*100+DAY(O$4),"00000000"),"Fill=P","Days=A")} -> #N/A N/A | R18: =IFERROR(_xll.BCOUNTPERIODS($O$4,P18,"CDR=BZ")*1,"") -> 233
... B27: WL21 Index | C27: {=_xll.BDH($H27,"FUT_CUR_GEN_TICKER",TEXT(YEAR(C$4)*10000+MONTH(C$4)*100+DAY(C$4),"00000000"),TEXT(YEAR(C$4)*10000+MONTH(C$4)*100+DAY(C$4),"00000000"),"fill=p","days=a")&" Index"} -> WLQ60 Index | D27: {=_xll.BDP(C27,"LAST_TRADEABLE_DT")} -> 8/13/2060 | E27: {=_xll.BDH(C27,"PX_LAST",TEXT(YEAR(C$4)*10000+MONTH(C$4)*100+DAY(C$4),"00000000"),TEXT(YEAR(C$4)*10000+MONTH(C$4)*100+DAY(C$4),"00000000"),"Fill=P","Days=A")} -> 6.913 | F27: =IFERROR(_xll.BCOUNTPERIODS($C$4,D27,"CDR=BZ")*1,"") -> 8806 | H27: WL21 Index | I27: {=_xll.BDH($H27,"FUT_CUR_GEN_TICKER",TEXT(YEAR(I$4)*10000+MONTH(I$4)*100+DAY(I$4),"00000000"),TEXT(YEAR(I$4)*10000+MONTH(I$4)*100+DAY(I$4),"00000000"),"fill=p","days=a")&" Index"} -> WLQ25 Index | J27: {=_xll.BDP(I27,"LAST_TRADEABLE_DT")} -> 8/14/2025 | K27: {=_xll.BDH(I27,"PX_LAST",TEXT(YEAR(I$4)*10000+MONTH(I$4)*100+DAY(I$4),"00000000"),TEXT(YEAR(I$4)*10000+MONTH(I$4)*100+DAY(I$4),"00000000"),"Fill=P","Days=A")} -> #N/A N/A | L27: =IFERROR(_xll.BCOUNTPERIODS($I$4,J27,"CDR=BZ")*1,"") -> 422 | N27: WL21 Index | O27: {=_xll.BDH($N27,"FUT_CUR_GEN_TICKER",TEXT(YEAR(O$4)*10000+MONTH(O$4)*100+DAY(O$4),"00000000"),TEXT(YEAR(O$4)*10000+MONTH(O$4)*100+DAY(O$4),"00000000"),"fill=p","days=a")&" Index"} -> WLG25 Index | P27: {=_xll.BDP(O27,"LAST_TRADEABLE_DT")} -> 2/14/2025 | Q27: {=_xll.BDH(O27,"PX_LAST",TEXT(YEAR(O$4)*10000+MONTH(O$4)*100+DAY(O$4),"00000000"),TEXT(YEAR(O$4)*10000+MONTH(O$4)*100+DAY(O$4),"00000000"),"Fill=P","Days=A")} -> #N/A N/A | R27: =IFERROR(_xll.BCOUNTPERIODS($O$4,P27,"CDR=BZ")*1,"") -> 426
B28: WL22 Index | C28: {=_xll.BDH($H28,"FUT_CUR_GEN_TICKER",TEXT(YEAR(C$4)*10000+MONTH(C$4)*100+DAY(C$4),"00000000"),TEXT(YEAR(C$4)*10000+MONTH(C$4)*100+DAY(C$4),"00000000"),"fill=p","days=a")&" Index"} -> #N/A N/A Index | D28: =_xll.BDP(C28,"LAST_TRADEABLE_DT") -> #N/A N/A Index | E28: =_xll.BDH(C28,"PX_LAST",TEXT(YEAR(C$4)*10000+MONTH(C$4)*100+DAY(C$4),"00000000"),TEXT(YEAR(C$4)*10000+MONTH(C$4)*100+DAY(C$4),"00000000"),"Fill=P","Days=A") -> #N/A N/A Index | F28: =IFERROR(_xll.BCOUNTPERIODS($C$4,D28,"CDR=BZ")*1,"") | H28: WL22 Index | I28: {=_xll.BDH($H28,"FUT_CUR_GEN_TICKER",TEXT(YEAR(I$4)*10000+MONTH(I$4)*100+DAY(I$4),"00000000"),TEXT(YEAR(I$4)*10000+MONTH(I$4)*100+DAY(I$4),"00000000"),"fill=p","days=a")&" Index"} -> WLU25 Index | J28: {=_xll.BDP(I28,"LAST_TRADEABLE_DT")} -> 9/12/2025 | K28: {=_xll.BDH(I28,"PX_LAST",TEXT(YEAR(I$4)*10000+MONTH(I$4)*100+DAY(I$4),"00000000"),TEXT(YEAR(I$4)*10000+MONTH(I$4)*100+DAY(I$4),"00000000"),"Fill=P","Days=A")} -> #N/A N/A | L28: =IFERROR(_xll.BCOUNTPERIODS($I$4,J28,"CDR=BZ")*1,"") -> 443 | N28: WL22 Index | O28: {=_xll.BDH($N28,"FUT_CUR_GEN_TICKER",TEXT(YEAR(O$4)*10000+MONTH(O$4)*100+DAY(O$4),"00000000"),TEXT(YEAR(O$4)*10000+MONTH(O$4)*100+DAY(O$4),"00000000"),"fill=p","days=a")&" Index"} -> WLH25 Index | P28: {=_xll.BDP(O28,"LAST_TRADEABLE_DT")} -> 3/14/2025 | Q28: {=_xll.BDH(O28,"PX_LAST",TEXT(YEAR(O$4)*10000+MONTH(O$4)*100+DAY(O$4),"00000000"),TEXT(YEAR(O$4)*10000+MONTH(O$4)*100+DAY(O$4),"00000000"),"Fill=P","Days=A")} -> #N/A N/A | R28: =IFERROR(_xll.BCOUNTPERIODS($O$4,P28,"CDR=BZ")*1,"") -> 444

Sheet HELP
